worker_id,task_id,estimated_duration_x,actual_duration,quality_score,success_score,completed_on_time,years_experience,skill_level,reliability_score,avg_task_completion_rate,required_skill_level,estimated_duration_y,priority,complexity,primary_skill_Electrical,primary_skill_General_Labor,primary_skill_HVAC,primary_skill_Plumbing,task_type_Finishing,task_type_Foundation_Work,task_type_Framing,task_type_Plumbing_Installation,skill_match_score,experience_adjusted_reliability
W005,T003,0.4736842105263157,0.49295774647887325,0.3274999999999999,0.05930470347648287,0,0.0625,3,0.8,1.15,1,0.4736842105263157,3,1,0,1,0,0,0,0,0,1,1.0,0.11627210178576565
W007,T010,1.0,0.7464788732394366,1.0,0.5051124744376279,1,0.75,5,0.65,1.14,2,1.0,3,3,0,0,0,1,0,1,0,0,1.0,0.8644638158500609
W003,T009,0.6842105263157894,0.5598591549295775,0.10250000000000004,0.14723926380368102,0,0.25,2,0.7,1.08,3,0.6842105263157894,2,3,0,0,0,0,0,0,1,0,0.6666666666666666,0.3516776667058073
W008,T005,0.8421052631578947,0.43309859154929586,0.13500000000000023,0.6646216768916153,1,1.0,2,0.84,0.8,5,0.8421052631578947,3,4,0,0,1,0,0,1,0,0,0.4,0.9710316538683482
W003,T005,0.8421052631578947,0.7323943661971832,0.10250000000000004,0.07770961145194266,0,0.25,2,0.7,1.08,5,0.8421052631578947,3,4,0,0,0,0,0,1,0,0,0.4,0.3516776667058073
W007,T008,0.0,0.04929577464788734,1.0,0.4560327198364007,1,0.75,5,0.65,1.14,2,0.0,1,5,0,0,0,1,1,0,0,0,1.0,0.8644638158500609
W010,T009,0.6842105263157894,0.397887323943662,1.0,0.7955010224948877,1,1.0,5,0.68,0.95,3,0.6842105263157894,2,3,0,0,0,1,0,0,1,0,1.0,0.9334619767841563
W001,T002,0.631578947368421,0.5950704225352113,0.7075,0.23108384458077702,0,0.0,4,0.72,1.15,2,0.631578947368421,1,3,0,0,0,0,0,0,1,0,1.0,0.0
W006,T010,1.0,0.5563380281690141,1.0,0.8404907975460125,1,0.5,5,0.93,0.86,2,1.0,3,3,0,1,0,0,0,1,0,0,1.0,0.6760417860120211
W002,T005,0.8421052631578947,0.619718309859155,0.2100000000000002,0.2699386503067487,1,0.3125,2,0.63,0.99,5,0.8421052631578947,3,4,0,1,0,0,0,1,0,0,0.4,0.35357166517819255
W001,T010,1.0,0.8380281690140846,0.6400000000000001,0.2760736196319018,0,0.0,4,0.72,1.15,2,1.0,3,3,0,0,0,0,0,1,0,0,1.0,0.0
W009,T007,0.10526315789473684,0.11267605633802819,1.0,0.5357873210633948,1,0.5,5,0.61,1.02,2,0.10526315789473684,1,3,1,0,0,0,1,0,0,0,1.0,0.5259229798158034
W003,T007,0.10526315789473684,0.11971830985915496,0.0475000000000001,0.18404907975460127,1,0.25,2,0.7,1.08,2,0.10526315789473684,1,3,0,0,0,0,1,0,0,0,1.0,0.3516776667058073
W010,T008,0.0,0.02112676056338028,1.0,0.6850715746421268,1,1.0,5,0.68,0.95,2,0.0,1,5,0,0,0,1,1,0,0,0,1.0,0.9334619767841563
W006,T010,1.0,0.619718309859155,1.0,0.7075664621676891,1,0.5,5,0.93,0.86,2,1.0,3,3,0,1,0,0,0,1,0,0,1.0,0.6760417860120211
W010,T002,0.631578947368421,0.4401408450704226,1.0,0.6073619631901843,1,1.0,5,0.68,0.95,2,0.631578947368421,1,3,0,0,0,1,0,0,1,0,1.0,0.9334619767841563
W010,T006,0.2631578947368421,0.1654929577464789,1.0,0.7750511247443763,1,1.0,5,0.68,0.95,4,0.2631578947368421,1,4,0,0,0,1,0,0,0,1,1.0,0.9334619767841563
W005,T005,0.8421052631578947,0.7253521126760565,0.33000000000000007,0.1615541922290391,0,0.0625,3,0.8,1.15,5,0.8421052631578947,3,4,0,1,0,0,0,1,0,0,0.6,0.11627210178576565
W008,T004,0.4736842105263157,0.24647887323943665,0.13750000000000018,0.6441717791411044,1,1.0,2,0.84,0.8,2,0.4736842105263157,1,3,0,0,1,0,0,0,0,0,1.0,0.9710316538683482
W010,T009,0.6842105263157894,0.443661971830986,1.0,0.674846625766871,1,1.0,5,0.68,0.95,3,0.6842105263157894,2,3,0,0,0,1,0,0,1,0,1.0,0.9334619767841563
W003,T007,0.10526315789473684,0.1267605633802817,0.1875,0.194274028629857,1,0.25,2,0.7,1.08,2,0.10526315789473684,1,3,0,0,0,0,1,0,0,0,1.0,0.3516776667058073
W010,T008,0.0,0.01408450704225353,1.0,0.7995910020449901,1,1.0,5,0.68,0.95,2,0.0,1,5,0,0,0,1,1,0,0,0,1.0,0.9334619767841563
W002,T009,0.6842105263157894,0.47535211267605637,0.10000000000000009,0.3108384458077711,1,0.3125,2,0.63,0.99,3,0.6842105263157894,2,3,0,1,0,0,0,0,1,0,0.6666666666666666,0.35357166517819255
W006,T004,0.4736842105263157,0.2605633802816901,1.0,0.8711656441717792,1,0.5,5,0.93,0.86,2,0.4736842105263157,1,3,0,1,0,0,0,0,0,0,1.0,0.6760417860120211
W006,T005,0.8421052631578947,0.5316901408450705,1.0,0.6952965235173825,1,0.5,5,0.93,0.86,5,0.8421052631578947,3,4,0,1,0,0,0,1,0,0,1.0,0.6760417860120211
W005,T004,0.4736842105263157,0.426056338028169,0.375,0.194274028629857,0,0.0625,3,0.8,1.15,2,0.4736842105263157,1,3,0,1,0,0,0,0,0,0,1.0,0.11627210178576565
W009,T006,0.2631578947368421,0.20070422535211266,1.0,0.6073619631901843,1,0.5,5,0.61,1.02,4,0.2631578947368421,1,4,1,0,0,0,0,0,0,1,1.0,0.5259229798158034
W003,T006,0.2631578947368421,0.25,0.050000000000000044,0.11860940695296529,0,0.25,2,0.7,1.08,4,0.2631578947368421,1,4,0,0,0,0,0,0,0,1,0.5,0.3516776667058073
W010,T009,0.6842105263157894,0.4542253521126761,1.0,0.6523517382413091,1,1.0,5,0.68,0.95,3,0.6842105263157894,2,3,0,0,0,1,0,0,1,0,1.0,0.9334619767841563
W004,T008,0.0,0.03521126760563381,0.7825000000000002,0.5010224948875255,1,0.8125,4,0.74,1.09,2,0.0,1,5,0,0,1,0,1,0,0,0,1.0,1.0
W003,T010,1.0,0.8380281690140846,0.13000000000000012,0.10838445807770958,0,0.25,2,0.7,1.08,2,1.0,3,3,0,0,0,0,0,1,0,0,1.0,0.3516776667058073
W008,T006,0.2631578947368421,0.1443661971830986,0.2300000000000002,0.6421267893660534,1,1.0,2,0.84,0.8,4,0.2631578947368421,1,4,0,0,1,0,0,0,0,1,0.5,0.9710316538683482
W008,T001,0.8421052631578947,0.43309859154929586,0.18999999999999995,0.6789366053169734,1,1.0,2,0.84,0.8,4,0.8421052631578947,1,5,0,0,1,0,0,1,0,0,0.5,0.9710316538683482
W004,T004,0.4736842105263157,0.3274647887323944,0.855,0.5828220858895705,1,0.8125,4,0.74,1.09,2,0.4736842105263157,1,3,0,0,1,0,0,0,0,0,1.0,1.0
W010,T008,0.0,0.024647887323943685,1.0,0.6523517382413091,1,1.0,5,0.68,0.95,2,0.0,1,5,0,0,0,1,1,0,0,0,1.0,0.9334619767841563
W007,T002,0.631578947368421,0.47535211267605637,1.0,0.5316973415132924,1,0.75,5,0.65,1.14,2,0.631578947368421,1,3,0,0,0,1,0,0,1,0,1.0,0.8644638158500609
W007,T001,0.8421052631578947,0.721830985915493,1.0,0.3844580777096114,0,0.75,5,0.65,1.14,4,0.8421052631578947,1,5,0,0,0,1,0,1,0,0,1.0,0.8644638158500609
W007,T006,0.2631578947368421,0.2183098591549296,1.0,0.5398773006134971,1,0.75,5,0.65,1.14,4,0.2631578947368421,1,4,0,0,0,1,0,0,0,1,1.0,0.8644638158500609
W007,T004,0.4736842105263157,0.36267605633802824,1.0,0.5398773006134971,1,0.75,5,0.65,1.14,2,0.4736842105263157,1,3,0,0,0,1,0,0,0,0,1.0,0.8644638158500609
W001,T008,0.0,0.08098591549295775,0.9050000000000002,0.22903885480572606,0,0.0,4,0.72,1.15,2,0.0,1,5,0,0,0,0,1,0,0,0,1.0,0.0
W001,T001,0.8421052631578947,0.7112676056338029,0.9350000000000005,0.37832310838445804,0,0.0,4,0.72,1.15,4,0.8421052631578947,1,5,0,0,0,0,0,1,0,0,1.0,0.0
W003,T005,0.8421052631578947,0.7605633802816902,0.09000000000000008,0.036809815950920255,0,0.25,2,0.7,1.08,5,0.8421052631578947,3,4,0,0,0,0,0,1,0,0,0.4,0.3516776667058073
W002,T008,0.0,0.04929577464788734,0.12250000000000028,0.15541922290388577,0,0.3125,2,0.63,0.99,2,0.0,1,5,0,1,0,0,1,0,0,0,1.0,0.35357166517819255
W010,T003,0.4736842105263157,0.2605633802816901,1.0,0.8711656441717792,1,1.0,5,0.68,0.95,1,0.4736842105263157,3,1,0,0,0,1,0,0,0,1,1.0,0.9334619767841563
W006,T002,0.631578947368421,0.34507042253521136,1.0,0.8732106339468302,1,0.5,5,0.93,0.86,2,0.631578947368421,1,3,0,1,0,0,0,0,1,0,1.0,0.6760417860120211
W006,T009,0.6842105263157894,0.43661971830985924,1.0,0.6973415132924339,1,0.5,5,0.93,0.86,3,0.6842105263157894,2,3,0,1,0,0,0,0,1,0,1.0,0.6760417860120211
W009,T007,0.10526315789473684,0.13380281690140847,1.0,0.4233128834355828,0,0.5,5,0.61,1.02,2,0.10526315789473684,1,3,1,0,0,0,1,0,0,0,1.0,0.5259229798158034
W006,T001,0.8421052631578947,0.5563380281690141,1.0,0.6441717791411044,1,0.5,5,0.93,0.86,4,0.8421052631578947,1,5,0,1,0,0,0,1,0,0,1.0,0.6760417860120211
W006,T010,1.0,0.5387323943661972,1.0,0.8834355828220859,1,0.5,5,0.93,0.86,2,1.0,3,3,0,1,0,0,0,1,0,0,1.0,0.6760417860120211
W002,T003,0.4736842105263157,0.40492957746478875,0.21499999999999986,0.1820040899795503,0,0.3125,2,0.63,0.99,1,0.4736842105263157,3,1,0,1,0,0,0,0,0,1,1.0,0.35357166517819255
W002,T002,0.631578947368421,0.5105633802816902,0.24250000000000016,0.2147239263803682,1,0.3125,2,0.63,0.99,2,0.631578947368421,1,3,0,1,0,0,0,0,1,0,1.0,0.35357166517819255
W010,T004,0.4736842105263157,0.31338028169014087,1.0,0.6809815950920244,1,1.0,5,0.68,0.95,2,0.4736842105263157,1,3,0,0,0,1,0,0,0,0,1.0,0.9334619767841563
W006,T003,0.4736842105263157,0.295774647887324,1.0,0.7382413087934563,1,0.5,5,0.93,0.86,1,0.4736842105263157,3,1,0,1,0,0,0,0,0,1,1.0,0.6760417860120211
W007,T001,0.8421052631578947,0.6654929577464789,1.0,0.4580777096114521,1,0.75,5,0.65,1.14,4,0.8421052631578947,1,5,0,0,0,1,0,1,0,0,1.0,0.8644638158500609
W004,T007,0.10526315789473684,0.09507042253521128,0.6750000000000003,0.5235173824130881,1,0.8125,4,0.74,1.09,2,0.10526315789473684,1,3,0,0,1,0,1,0,0,0,1.0,1.0
W008,T005,0.8421052631578947,0.3943661971830986,0.24750000000000028,0.8282208588957054,1,1.0,2,0.84,0.8,5,0.8421052631578947,3,4,0,0,1,0,0,1,0,0,0.4,0.9710316538683482
W006,T001,0.8421052631578947,0.5211267605633804,1.0,0.7157464212678935,1,0.5,5,0.93,0.86,4,0.8421052631578947,1,5,0,1,0,0,0,1,0,0,1.0,0.6760417860120211
W009,T007,0.10526315789473684,0.10915492957746478,1.0,0.5398773006134971,1,0.5,5,0.61,1.02,2,0.10526315789473684,1,3,1,0,0,0,1,0,0,0,1.0,0.5259229798158034
W003,T007,0.10526315789473684,0.1302816901408451,0.022499999999999964,0.11451942740286314,0,0.25,2,0.7,1.08,2,0.10526315789473684,1,3,0,0,0,0,1,0,0,0,1.0,0.3516776667058073
W001,T006,0.2631578947368421,0.2781690140845071,0.7625000000000002,0.27198364008179965,0,0.0,4,0.72,1.15,4,0.2631578947368421,1,4,0,0,0,0,0,0,0,1,1.0,0.0
W006,T003,0.4736842105263157,0.31338028169014087,1.0,0.6850715746421268,1,0.5,5,0.93,0.86,1,0.4736842105263157,3,1,0,1,0,0,0,0,0,1,1.0,0.6760417860120211
W006,T008,0.0,0.01408450704225353,1.0,0.7648261758691206,1,0.5,5,0.93,0.86,2,0.0,1,5,0,1,0,0,1,0,0,0,1.0,0.6760417860120211
W004,T006,0.2631578947368421,0.20774647887323947,0.7574999999999998,0.49693251533742333,1,0.8125,4,0.74,1.09,4,0.2631578947368421,1,4,0,0,1,0,0,0,0,1,1.0,1.0
W007,T010,1.0,0.823943661971831,1.0,0.406952965235174,0,0.75,5,0.65,1.14,2,1.0,3,3,0,0,0,1,0,1,0,0,1.0,0.8644638158500609
W005,T008,0.0,0.05633802816901409,0.49250000000000016,0.25153374233128845,0,0.0625,3,0.8,1.15,2,0.0,1,5,0,1,0,0,1,0,0,0,1.0,0.11627210178576565
W002,T010,1.0,0.8063380281690141,0.09000000000000008,0.1308793456032722,0,0.3125,2,0.63,0.99,2,1.0,3,3,0,1,0,0,0,1,0,0,1.0,0.35357166517819255
W005,T009,0.6842105263157894,0.6091549295774649,0.44750000000000023,0.18609406952965268,0,0.0625,3,0.8,1.15,3,0.6842105263157894,2,3,0,1,0,0,0,0,1,0,1.0,0.11627210178576565
W001,T008,0.0,0.07746478873239437,0.6074999999999999,0.14723926380368102,0,0.0,4,0.72,1.15,2,0.0,1,5,0,0,0,0,1,0,0,0,1.0,0.0
W002,T005,0.8421052631578947,0.5845070422535212,0.15249999999999986,0.31697341513292443,1,0.3125,2,0.63,0.99,5,0.8421052631578947,3,4,0,1,0,0,0,1,0,0,0.4,0.35357166517819255
W001,T010,1.0,0.9084507042253521,0.7650000000000001,0.24335378323108392,0,0.0,4,0.72,1.15,2,1.0,3,3,0,0,0,0,0,1,0,0,1.0,0.0
W004,T006,0.2631578947368421,0.21126760563380284,0.8275000000000001,0.5112474437627812,1,0.8125,4,0.74,1.09,4,0.2631578947368421,1,4,0,0,1,0,0,0,0,1,1.0,1.0
W005,T008,0.0,0.08450704225352115,0.46750000000000025,0.08179959100204504,0,0.0625,3,0.8,1.15,2,0.0,1,5,0,1,0,0,1,0,0,0,1.0,0.11627210178576565
W002,T002,0.631578947368421,0.41901408450704236,0.0475000000000001,0.34355828220858897,1,0.3125,2,0.63,0.99,2,0.631578947368421,1,3,0,1,0,0,0,0,1,0,1.0,0.35357166517819255
W003,T001,0.8421052631578947,0.7359154929577465,0.2300000000000002,0.11247443762781195,0,0.25,2,0.7,1.08,4,0.8421052631578947,1,5,0,0,0,0,0,1,0,0,0.5,0.3516776667058073
W004,T002,0.631578947368421,0.4823943661971831,0.7100000000000004,0.4171779141104297,1,0.8125,4,0.74,1.09,2,0.631578947368421,1,3,0,0,1,0,0,0,1,0,1.0,1.0
W008,T005,0.8421052631578947,0.4014084507042254,0.1200000000000001,0.750511247443763,1,1.0,2,0.84,0.8,5,0.8421052631578947,3,4,0,0,1,0,0,1,0,0,0.4,0.9710316538683482
W004,T010,1.0,0.767605633802817,0.5899999999999999,0.34355828220858897,1,0.8125,4,0.74,1.09,2,1.0,3,3,0,0,1,0,0,1,0,0,1.0,1.0
W007,T008,0.0,0.03873239436619719,1.0,0.5501022494887529,1,0.75,5,0.65,1.14,2,0.0,1,5,0,0,0,1,1,0,0,0,1.0,0.8644638158500609
W008,T009,0.6842105263157894,0.3802816901408451,0.21499999999999986,0.5991820040899796,1,1.0,2,0.84,0.8,3,0.6842105263157894,2,3,0,0,1,0,0,0,1,0,0.6666666666666666,0.9710316538683482
W005,T004,0.4736842105263157,0.41901408450704236,0.3875000000000002,0.20858895705521485,0,0.0625,3,0.8,1.15,2,0.4736842105263157,1,3,0,1,0,0,0,0,0,0,1.0,0.11627210178576565
W004,T002,0.631578947368421,0.5140845070422536,0.5274999999999999,0.30265848670756657,1,0.8125,4,0.74,1.09,2,0.631578947368421,1,3,0,0,1,0,0,0,1,0,1.0,1.0
W006,T002,0.631578947368421,0.352112676056338,1.0,0.8507157464212682,1,0.5,5,0.93,0.86,2,0.631578947368421,1,3,0,1,0,0,0,0,1,0,1.0,0.6760417860120211
W002,T008,0.0,0.04577464788732394,0.050000000000000044,0.15746421267893673,1,0.3125,2,0.63,0.99,2,0.0,1,5,0,1,0,0,1,0,0,0,1.0,0.35357166517819255
W008,T008,0.0,0.0035211267605633895,0.1050000000000002,0.6462167689161558,1,1.0,2,0.84,0.8,2,0.0,1,5,0,0,1,0,1,0,0,0,1.0,0.9710316538683482
W007,T005,0.8421052631578947,0.7112676056338029,1.0,0.39877300613496947,0,0.75,5,0.65,1.14,5,0.8421052631578947,3,4,0,0,0,1,0,1,0,0,1.0,0.8644638158500609
W004,T001,0.8421052631578947,0.5669014084507044,0.895,0.5889570552147239,1,0.8125,4,0.74,1.09,4,0.8421052631578947,1,5,0,0,1,0,0,1,0,0,1.0,1.0
W008,T004,0.4736842105263157,0.21126760563380284,0.01750000000000007,0.7934560327198363,1,1.0,2,0.84,0.8,2,0.4736842105263157,1,3,0,0,1,0,0,0,0,0,1.0,0.9710316538683482
W004,T004,0.4736842105263157,0.415492957746479,0.7250000000000001,0.3271983640081799,0,0.8125,4,0.74,1.09,2,0.4736842105263157,1,3,0,0,1,0,0,0,0,0,1.0,1.0
W005,T006,0.2631578947368421,0.3063380281690141,0.3250000000000002,0.06134969325153383,0,0.0625,3,0.8,1.15,4,0.2631578947368421,1,4,0,1,0,0,0,0,0,1,0.75,0.11627210178576565
W004,T004,0.4736842105263157,0.34507042253521136,0.8625000000000003,0.5398773006134971,1,0.8125,4,0.74,1.09,2,0.4736842105263157,1,3,0,0,1,0,0,0,0,0,1.0,1.0
W002,T004,0.4736842105263157,0.37323943661971837,0.18000000000000016,0.24335378323108392,1,0.3125,2,0.63,0.99,2,0.4736842105263157,1,3,0,1,0,0,0,0,0,0,1.0,0.35357166517819255
W004,T008,0.0,0.04577464788732394,0.6475000000000004,0.3742331288343559,1,0.8125,4,0.74,1.09,2,0.0,1,5,0,0,1,0,1,0,0,0,1.0,1.0
W005,T003,0.4736842105263157,0.49647887323943674,0.3325,0.05521472392638049,0,0.0625,3,0.8,1.15,1,0.4736842105263157,3,1,0,1,0,0,0,0,0,1,1.0,0.11627210178576565
W006,T005,0.8421052631578947,0.44718309859154937,1.0,0.9038854805725973,1,0.5,5,0.93,0.86,5,0.8421052631578947,3,4,0,1,0,0,0,1,0,0,1.0,0.6760417860120211
W010,T007,0.10526315789473684,0.08450704225352115,1.0,0.7116564417177915,1,1.0,5,0.68,0.95,2,0.10526315789473684,1,3,0,0,0,1,1,0,0,0,1.0,0.9334619767841563
W010,T004,0.4736842105263157,0.28521126760563376,1.0,0.7791411042944787,1,1.0,5,0.68,0.95,2,0.4736842105263157,1,3,0,0,0,1,0,0,0,0,1.0,0.9334619767841563
W007,T005,0.8421052631578947,0.6091549295774649,1.0,0.5480572597137015,1,0.75,5,0.65,1.14,5,0.8421052631578947,3,4,0,0,0,1,0,1,0,0,1.0,0.8644638158500609
W004,T007,0.10526315789473684,0.1302816901408451,0.8000000000000003,0.36809815950920255,0,0.8125,4,0.74,1.09,2,0.10526315789473684,1,3,0,0,1,0,1,0,0,0,1.0,1.0
W003,T007,0.10526315789473684,0.1443661971830986,0.22750000000000004,0.12269938650306766,0,0.25,2,0.7,1.08,2,0.10526315789473684,1,3,0,0,0,0,1,0,0,0,1.0,0.3516776667058073
W010,T005,0.8421052631578947,0.4894366197183099,1.0,0.7893660531697344,1,1.0,5,0.68,0.95,5,0.8421052631578947,3,4,0,0,0,1,0,1,0,0,1.0,0.9334619767841563
W008,T003,0.4736842105263157,0.21126760563380284,0.16500000000000004,0.8302658486707568,1,1.0,2,0.84,0.8,1,0.4736842105263157,3,1,0,0,1,0,0,0,0,1,1.0,0.9710316538683482
W002,T006,0.2631578947368421,0.2323943661971831,0.1775,0.22494887525562368,1,0.3125,2,0.63,0.99,4,0.2631578947368421,1,4,0,1,0,0,0,0,0,1,0.5,0.35357166517819255
W004,T004,0.4736842105263157,0.37676056338028174,0.8574999999999999,0.4601226993865031,1,0.8125,4,0.74,1.09,2,0.4736842105263157,1,3,0,0,1,0,0,0,0,0,1.0,1.0
W001,T007,0.10526315789473684,0.15845070422535215,0.5325000000000002,0.16564417177914126,0,0.0,4,0.72,1.15,2,0.10526315789473684,1,3,0,0,0,0,1,0,0,0,1.0,0.0
W008,T009,0.6842105263157894,0.369718309859155,0.23249999999999993,0.6298568507157463,1,1.0,2,0.84,0.8,3,0.6842105263157894,2,3,0,0,1,0,0,0,1,0,0.6666666666666666,0.9710316538683482
W009,T004,0.4736842105263157,0.3204225352112676,1.0,0.6625766871165644,1,0.5,5,0.61,1.02,2,0.4736842105263157,1,3,1,0,0,0,0,0,0,0,1.0,0.5259229798158034
W007,T005,0.8421052631578947,0.693661971830986,1.0,0.41922290388548067,0,0.75,5,0.65,1.14,5,0.8421052631578947,3,4,0,0,0,1,0,1,0,0,1.0,0.8644638158500609
W001,T006,0.2631578947368421,0.25704225352112675,0.895,0.37832310838445804,0,0.0,4,0.72,1.15,4,0.2631578947368421,1,4,0,0,0,0,0,0,0,1,1.0,0.0
W003,T008,0.0,0.04577464788732394,0.14500000000000002,0.20040899795501033,1,0.25,2,0.7,1.08,2,0.0,1,5,0,0,0,0,1,0,0,0,1.0,0.3516776667058073
W008,T008,0.0,0.0035211267605633895,0.05750000000000011,0.638036809815951,1,1.0,2,0.84,0.8,2,0.0,1,5,0,0,1,0,1,0,0,0,1.0,0.9710316538683482
W010,T001,0.8421052631578947,0.47535211267605637,1.0,0.8302658486707568,1,1.0,5,0.68,0.95,4,0.8421052631578947,1,5,0,0,0,1,0,1,0,0,1.0,0.9334619767841563
W008,T001,0.8421052631578947,0.415492957746479,0.24750000000000028,0.750511247443763,1,1.0,2,0.84,0.8,4,0.8421052631578947,1,5,0,0,1,0,0,1,0,0,0.5,0.9710316538683482
W004,T009,0.6842105263157894,0.5704225352112676,0.9775,0.4171779141104297,0,0.8125,4,0.74,1.09,3,0.6842105263157894,2,3,0,0,1,0,0,0,1,0,1.0,1.0
W005,T009,0.6842105263157894,0.6161971830985916,0.375,0.1513292433537834,0,0.0625,3,0.8,1.15,3,0.6842105263157894,2,3,0,1,0,0,0,0,1,0,1.0,0.11627210178576565
W006,T003,0.4736842105263157,0.3204225352112676,1.0,0.6584867075664624,1,0.5,5,0.93,0.86,1,0.4736842105263157,3,1,0,1,0,0,0,0,0,1,1.0,0.6760417860120211
W004,T009,0.6842105263157894,0.4683098591549296,0.9375,0.601226993865031,1,0.8125,4,0.74,1.09,3,0.6842105263157894,2,3,0,0,1,0,0,0,1,0,1.0,1.0
W004,T005,0.8421052631578947,0.6971830985915494,0.6149999999999998,0.2903885480572599,0,0.8125,4,0.74,1.09,5,0.8421052631578947,3,4,0,0,1,0,0,1,0,0,0.8,1.0
W001,T008,0.0,0.07042253521126762,0.6875,0.22903885480572606,0,0.0,4,0.72,1.15,2,0.0,1,5,0,0,0,0,1,0,0,0,1.0,0.0
W002,T006,0.2631578947368421,0.2394366197183099,0.14500000000000002,0.1820040899795503,1,0.3125,2,0.63,0.99,4,0.2631578947368421,1,4,0,1,0,0,0,0,0,1,0.5,0.35357166517819255
W001,T004,0.4736842105263157,0.443661971830986,0.9775,0.35787321063394684,0,0.0,4,0.72,1.15,2,0.4736842105263157,1,3,0,0,0,0,0,0,0,0,1.0,0.0
W006,T001,0.8421052631578947,0.5422535211267606,1.0,0.6728016359918201,1,0.5,5,0.93,0.86,4,0.8421052631578947,1,5,0,1,0,0,0,1,0,0,1.0,0.6760417860120211
W008,T006,0.2631578947368421,0.15140845070422534,0.10250000000000004,0.5664621676891615,1,1.0,2,0.84,0.8,4,0.2631578947368421,1,4,0,0,1,0,0,0,0,1,0.5,0.9710316538683482
W001,T002,0.631578947368421,0.5633802816901409,0.5475000000000003,0.22494887525562368,0,0.0,4,0.72,1.15,2,0.631578947368421,1,3,0,0,0,0,0,0,1,0,1.0,0.0
W010,T001,0.8421052631578947,0.47887323943661986,1.0,0.8179959100204497,1,1.0,5,0.68,0.95,4,0.8421052631578947,1,5,0,0,0,1,0,1,0,0,1.0,0.9334619767841563
W003,T009,0.6842105263157894,0.5633802816901409,0.22250000000000014,0.1820040899795503,0,0.25,2,0.7,1.08,3,0.6842105263157894,2,3,0,0,0,0,0,0,1,0,0.6666666666666666,0.3516776667058073
W004,T002,0.631578947368421,0.4823943661971831,0.73,0.42944785276073616,1,0.8125,4,0.74,1.09,2,0.631578947368421,1,3,0,0,1,0,0,0,1,0,1.0,1.0
W001,T004,0.4736842105263157,0.415492957746479,0.6425000000000001,0.2985685071574644,0,0.0,4,0.72,1.15,2,0.4736842105263157,1,3,0,0,0,0,0,0,0,0,1.0,0.0
W001,T007,0.10526315789473684,0.15845070422535215,0.8425000000000002,0.27402862985685084,0,0.0,4,0.72,1.15,2,0.10526315789473684,1,3,0,0,0,0,1,0,0,0,1.0,0.0
W002,T010,1.0,0.7042253521126761,0.22250000000000014,0.31492842535787346,1,0.3125,2,0.63,0.99,2,1.0,3,3,0,1,0,0,0,1,0,0,1.0,0.35357166517819255
W001,T003,0.4736842105263157,0.4401408450704226,0.6175000000000002,0.23926380368098177,0,0.0,4,0.72,1.15,1,0.4736842105263157,3,1,0,0,0,0,0,0,0,1,1.0,0.0
W005,T006,0.2631578947368421,0.2781690140845071,0.35749999999999993,0.14314928425357887,0,0.0625,3,0.8,1.15,4,0.2631578947368421,1,4,0,1,0,0,0,0,0,1,0.75,0.11627210178576565
W001,T008,0.0,0.08450704225352115,0.8900000000000001,0.21881390593047056,0,0.0,4,0.72,1.15,2,0.0,1,5,0,0,0,0,1,0,0,0,1.0,0.0
W002,T004,0.4736842105263157,0.37323943661971837,0.2100000000000002,0.24948875255623726,1,0.3125,2,0.63,0.99,2,0.4736842105263157,1,3,0,1,0,0,0,0,0,0,1.0,0.35357166517819255
W008,T006,0.2631578947368421,0.1267605633802817,0.13000000000000012,0.7259713701431492,1,1.0,2,0.84,0.8,4,0.2631578947368421,1,4,0,0,1,0,0,0,0,1,0.5,0.9710316538683482
W003,T010,1.0,0.8485915492957747,0.21999999999999997,0.12678936605316982,0,0.25,2,0.7,1.08,2,1.0,3,3,0,0,0,0,0,1,0,0,1.0,0.3516776667058073
W008,T002,0.631578947368421,0.2781690140845071,0.04499999999999993,0.8323108384458078,1,1.0,2,0.84,0.8,2,0.631578947368421,1,3,0,0,1,0,0,0,1,0,1.0,0.9710316538683482
W004,T004,0.4736842105263157,0.3415492957746479,0.7525,0.5112474437627812,1,0.8125,4,0.74,1.09,2,0.4736842105263157,1,3,0,0,1,0,0,0,0,0,1.0,1.0
W004,T001,0.8421052631578947,0.6021126760563381,0.915,0.5316973415132924,1,0.8125,4,0.74,1.09,4,0.8421052631578947,1,5,0,0,1,0,0,1,0,0,1.0,1.0
W004,T001,0.8421052631578947,0.6267605633802817,0.77,0.44376278118609425,1,0.8125,4,0.74,1.09,4,0.8421052631578947,1,5,0,0,1,0,0,1,0,0,1.0,1.0
W008,T004,0.4736842105263157,0.2183098591549296,0.21250000000000013,0.8098159509202454,1,1.0,2,0.84,0.8,2,0.4736842105263157,1,3,0,0,1,0,0,0,0,0,1.0,0.9710316538683482
W007,T004,0.4736842105263157,0.40492957746478875,1.0,0.4396728016359919,0,0.75,5,0.65,1.14,2,0.4736842105263157,1,3,0,0,0,1,0,0,0,0,1.0,0.8644638158500609
W010,T004,0.4736842105263157,0.3063380281690141,1.0,0.6993865030674848,1,1.0,5,0.68,0.95,2,0.4736842105263157,1,3,0,0,0,1,0,0,0,0,1.0,0.9334619767841563
W009,T004,0.4736842105263157,0.295774647887324,1.0,0.7402862985685073,1,0.5,5,0.61,1.02,2,0.4736842105263157,1,3,1,0,0,0,0,0,0,0,1.0,0.5259229798158034
W010,T003,0.4736842105263157,0.23591549295774647,1.0,0.9877300613496931,1,1.0,5,0.68,0.95,1,0.4736842105263157,3,1,0,0,0,1,0,0,0,1,1.0,0.9334619767841563
W001,T008,0.0,0.05633802816901409,0.6875,0.3108384458077711,0,0.0,4,0.72,1.15,2,0.0,1,5,0,0,0,0,1,0,0,0,1.0,0.0
W009,T004,0.4736842105263157,0.35915492957746475,1.0,0.5439672801635995,1,0.5,5,0.61,1.02,2,0.4736842105263157,1,3,1,0,0,0,0,0,0,0,1.0,0.5259229798158034
W005,T005,0.8421052631578947,0.7288732394366197,0.4350000000000003,0.1901840490797546,0,0.0625,3,0.8,1.15,5,0.8421052631578947,3,4,0,1,0,0,0,1,0,0,0.6,0.11627210178576565
W002,T004,0.4736842105263157,0.4119718309859155,0.0625,0.12065439672801648,0,0.3125,2,0.63,0.99,2,0.4736842105263157,1,3,0,1,0,0,0,0,0,0,1.0,0.35357166517819255
W009,T005,0.8421052631578947,0.5985915492957747,1.0,0.5644171779141105,1,0.5,5,0.61,1.02,5,0.8421052631578947,3,4,1,0,0,0,0,1,0,0,1.0,0.5259229798158034
W003,T001,0.8421052631578947,0.6584507042253521,0.1675000000000002,0.19836400817995914,1,0.25,2,0.7,1.08,4,0.8421052631578947,1,5,0,0,0,0,0,1,0,0,0.5,0.3516776667058073
W004,T006,0.2631578947368421,0.25,0.9625000000000004,0.41922290388548067,0,0.8125,4,0.74,1.09,4,0.2631578947368421,1,4,0,0,1,0,0,0,0,1,1.0,1.0
W010,T010,1.0,0.647887323943662,1.0,0.6543967280163601,1,1.0,5,0.68,0.95,2,1.0,3,3,0,0,0,1,0,1,0,0,1.0,0.9334619767841563
W006,T002,0.631578947368421,0.3380281690140845,1.0,0.9018404907975464,1,0.5,5,0.93,0.86,2,0.631578947368421,1,3,0,1,0,0,0,0,1,0,1.0,0.6760417860120211
W009,T008,0.0,0.031690140845070436,1.0,0.5848670756646219,1,0.5,5,0.61,1.02,2,0.0,1,5,1,0,0,0,1,0,0,0,1.0,0.5259229798158034
W003,T006,0.2631578947368421,0.22535211267605634,0.09000000000000008,0.21676891615541938,1,0.25,2,0.7,1.08,4,0.2631578947368421,1,4,0,0,0,0,0,0,0,1,0.5,0.3516776667058073
W007,T008,0.0,0.04577464788732394,1.0,0.4785276073619633,1,0.75,5,0.65,1.14,2,0.0,1,5,0,0,0,1,1,0,0,0,1.0,0.8644638158500609
W002,T006,0.2631578947368421,0.24647887323943665,0.16500000000000004,0.17382413087934556,0,0.3125,2,0.63,0.99,4,0.2631578947368421,1,4,0,1,0,0,0,0,0,1,0.5,0.35357166517819255
W002,T010,1.0,0.6725352112676057,0.012500000000000178,0.29447852760736204,1,0.3125,2,0.63,0.99,2,1.0,3,3,0,1,0,0,0,1,0,0,1.0,0.35357166517819255
W009,T002,0.631578947368421,0.47887323943661986,1.0,0.5214723926380369,1,0.5,5,0.61,1.02,2,0.631578947368421,1,3,1,0,0,0,0,0,1,0,1.0,0.5259229798158034
W006,T003,0.4736842105263157,0.33098591549295775,1.0,0.6257668711656443,1,0.5,5,0.93,0.86,1,0.4736842105263157,3,1,0,1,0,0,0,0,0,1,1.0,0.6760417860120211
W002,T007,0.10526315789473684,0.11619718309859156,0.0625,0.194274028629857,1,0.3125,2,0.63,0.99,2,0.10526315789473684,1,3,0,1,0,0,1,0,0,0,1.0,0.35357166517819255
W001,T002,0.631578947368421,0.5633802816901409,0.7675000000000001,0.2985685071574644,0,0.0,4,0.72,1.15,2,0.631578947368421,1,3,0,0,0,0,0,0,1,0,1.0,0.0
W009,T006,0.2631578947368421,0.21478873239436622,1.0,0.5541922290388548,1,0.5,5,0.61,1.02,4,0.2631578947368421,1,4,1,0,0,0,0,0,0,1,1.0,0.5259229798158034
W003,T009,0.6842105263157894,0.5281690140845071,0.17500000000000004,0.22903885480572606,1,0.25,2,0.7,1.08,3,0.6842105263157894,2,3,0,0,0,0,0,0,1,0,0.6666666666666666,0.3516776667058073
W004,T008,0.0,0.04577464788732394,0.915,0.46421267893660545,1,0.8125,4,0.74,1.09,2,0.0,1,5,0,0,1,0,1,0,0,0,1.0,1.0
W009,T004,0.4736842105263157,0.323943661971831,1.0,0.6462167689161558,1,0.5,5,0.61,1.02,2,0.4736842105263157,1,3,1,0,0,0,0,0,0,0,1.0,0.5259229798158034
W008,T004,0.4736842105263157,0.20774647887323947,0.15249999999999986,0.8609406952965235,1,1.0,2,0.84,0.8,2,0.4736842105263157,1,3,0,0,1,0,0,0,0,0,1.0,0.9710316538683482
W008,T003,0.4736842105263157,0.2605633802816901,0.22750000000000004,0.6155419222903886,1,1.0,2,0.84,0.8,1,0.4736842105263157,3,1,0,0,1,0,0,0,0,1,1.0,0.9710316538683482
W002,T009,0.6842105263157894,0.5035211267605635,0.08750000000000013,0.2453987730061351,1,0.3125,2,0.63,0.99,3,0.6842105263157894,2,3,0,1,0,0,0,0,1,0,0.6666666666666666,0.35357166517819255
W010,T009,0.6842105263157894,0.43309859154929586,1.0,0.7075664621676891,1,1.0,5,0.68,0.95,3,0.6842105263157894,2,3,0,0,0,1,0,0,1,0,1.0,0.9334619767841563
W006,T008,0.0,0.01408450704225353,1.0,0.7770961145194273,1,0.5,5,0.93,0.86,2,0.0,1,5,0,1,0,0,1,0,0,0,1.0,0.6760417860120211
W003,T006,0.2631578947368421,0.2640845070422535,0.2300000000000002,0.1411042944785279,0,0.25,2,0.7,1.08,4,0.2631578947368421,1,4,0,0,0,0,0,0,0,1,0.5,0.3516776667058073
W007,T002,0.631578947368421,0.5246478873239436,1.0,0.4376278118609409,0,0.75,5,0.65,1.14,2,0.631578947368421,1,3,0,0,0,1,0,0,1,0,1.0,0.8644638158500609
W002,T002,0.631578947368421,0.5,0.10000000000000009,0.18813905930470365,1,0.3125,2,0.63,0.99,2,0.631578947368421,1,3,0,1,0,0,0,0,1,0,1.0,0.35357166517819255
W002,T002,0.631578947368421,0.471830985915493,0.07250000000000001,0.23312883435582843,1,0.3125,2,0.63,0.99,2,0.631578947368421,1,3,0,1,0,0,0,0,1,0,1.0,0.35357166517819255
W003,T010,1.0,0.8380281690140846,0.16500000000000004,0.11860940695296529,0,0.25,2,0.7,1.08,2,1.0,3,3,0,0,0,0,0,1,0,0,1.0,0.3516776667058073
W001,T003,0.4736842105263157,0.49295774647887325,0.7749999999999999,0.2024539877300615,0,0.0,4,0.72,1.15,1,0.4736842105263157,3,1,0,0,0,0,0,0,0,1,1.0,0.0
W001,T007,0.10526315789473684,0.15492957746478878,0.7275,0.24130879345603273,0,0.0,4,0.72,1.15,2,0.10526315789473684,1,3,0,0,0,0,1,0,0,0,1.0,0.0
W003,T005,0.8421052631578947,0.7007042253521127,0.23750000000000004,0.1615541922290391,0,0.25,2,0.7,1.08,5,0.8421052631578947,3,4,0,0,0,0,0,1,0,0,0.4,0.3516776667058073
W008,T005,0.8421052631578947,0.415492957746479,0.14500000000000002,0.7157464212678935,1,1.0,2,0.84,0.8,5,0.8421052631578947,3,4,0,0,1,0,0,1,0,0,0.4,0.9710316538683482
W003,T007,0.10526315789473684,0.13380281690140847,0.03000000000000025,0.11042944785276099,0,0.25,2,0.7,1.08,2,0.10526315789473684,1,3,0,0,0,0,1,0,0,0,1.0,0.3516776667058073
W007,T007,0.10526315789473684,0.14788732394366197,1.0,0.35582822085889587,0,0.75,5,0.65,1.14,2,0.10526315789473684,1,3,0,0,0,1,1,0,0,0,1.0,0.8644638158500609
W008,T010,1.0,0.4542253521126761,0.02750000000000008,0.8016359918200411,1,1.0,2,0.84,0.8,2,1.0,3,3,0,0,1,0,0,1,0,0,1.0,0.9710316538683482
W007,T005,0.8421052631578947,0.676056338028169,1.0,0.44376278118609425,0,0.75,5,0.65,1.14,5,0.8421052631578947,3,4,0,0,0,1,0,1,0,0,1.0,0.8644638158500609
W001,T003,0.4736842105263157,0.43661971830985924,0.5850000000000004,0.2372188139059308,0,0.0,4,0.72,1.15,1,0.4736842105263157,3,1,0,0,0,0,0,0,0,1,1.0,0.0
W007,T007,0.10526315789473684,0.11619718309859156,1.0,0.5092024539877302,1,0.75,5,0.65,1.14,2,0.10526315789473684,1,3,0,0,0,1,1,0,0,0,1.0,0.8644638158500609
W003,T006,0.2631578947368421,0.2640845070422535,0.13500000000000023,0.10633946830265861,0,0.25,2,0.7,1.08,4,0.2631578947368421,1,4,0,0,0,0,0,0,0,1,0.5,0.3516776667058073
W006,T006,0.2631578947368421,0.1866197183098592,1.0,0.6666666666666667,1,0.5,5,0.93,0.86,4,0.2631578947368421,1,4,0,1,0,0,0,0,0,1,1.0,0.6760417860120211
W003,T009,0.6842105263157894,0.6021126760563381,0.1475000000000002,0.10020449897750527,0,0.25,2,0.7,1.08,3,0.6842105263157894,2,3,0,0,0,0,0,0,1,0,0.6666666666666666,0.3516776667058073
W004,T004,0.4736842105263157,0.3380281690140845,0.5025,0.4396728016359919,1,0.8125,4,0.74,1.09,2,0.4736842105263157,1,3,0,0,1,0,0,0,0,0,1.0,1.0
W002,T002,0.631578947368421,0.4894366197183099,0.11250000000000004,0.20858895705521485,1,0.3125,2,0.63,0.99,2,0.631578947368421,1,3,0,1,0,0,0,0,1,0,1.0,0.35357166517819255
W006,T004,0.4736842105263157,0.27464788732394374,1.0,0.8200408997955011,1,0.5,5,0.93,0.86,2,0.4736842105263157,1,3,0,1,0,0,0,0,0,0,1.0,0.6760417860120211
W005,T005,0.8421052631578947,0.813380281690141,0.3725000000000003,0.0756646216768917,0,0.0625,3,0.8,1.15,5,0.8421052631578947,3,4,0,1,0,0,0,1,0,0,0.6,0.11627210178576565
W005,T007,0.10526315789473684,0.14084507042253522,0.30000000000000004,0.1615541922290391,0,0.0625,3,0.8,1.15,2,0.10526315789473684,1,3,0,1,0,0,1,0,0,0,1.0,0.11627210178576565
W003,T010,1.0,0.8204225352112677,0.20000000000000018,0.1513292433537834,0,0.25,2,0.7,1.08,2,1.0,3,3,0,0,0,0,0,1,0,0,1.0,0.3516776667058073
W007,T005,0.8421052631578947,0.7394366197183099,1.0,0.3619631901840492,0,0.75,5,0.65,1.14,5,0.8421052631578947,3,4,0,0,0,1,0,1,0,0,1.0,0.8644638158500609
W005,T005,0.8421052631578947,0.6971830985915494,0.4375,0.23312883435582843,0,0.0625,3,0.8,1.15,5,0.8421052631578947,3,4,0,1,0,0,0,1,0,0,0.6,0.11627210178576565
W008,T004,0.4736842105263157,0.23591549295774647,0.2250000000000001,0.7280163599182006,1,1.0,2,0.84,0.8,2,0.4736842105263157,1,3,0,0,1,0,0,0,0,0,1.0,0.9710316538683482
W002,T009,0.6842105263157894,0.5,0.15500000000000025,0.27198364008179965,1,0.3125,2,0.63,0.99,3,0.6842105263157894,2,3,0,1,0,0,0,0,1,0,0.6666666666666666,0.35357166517819255
W003,T006,0.2631578947368421,0.27112676056338025,0.05500000000000016,0.06134969325153383,0,0.25,2,0.7,1.08,4,0.2631578947368421,1,4,0,0,0,0,0,0,0,1,0.5,0.3516776667058073
W010,T001,0.8421052631578947,0.5316901408450705,1.0,0.6912065439672801,1,1.0,5,0.68,0.95,4,0.8421052631578947,1,5,0,0,0,1,0,1,0,0,1.0,0.9334619767841563
W008,T009,0.6842105263157894,0.323943661971831,0.1200000000000001,0.7607361963190187,1,1.0,2,0.84,0.8,3,0.6842105263157894,2,3,0,0,1,0,0,0,1,0,0.6666666666666666,0.9710316538683482
W001,T009,0.6842105263157894,0.6725352112676057,0.7825000000000002,0.2147239263803682,0,0.0,4,0.72,1.15,3,0.6842105263157894,2,3,0,0,0,0,0,0,1,0,1.0,0.0
W001,T008,0.0,0.07746478873239437,0.75,0.20040899795501033,0,0.0,4,0.72,1.15,2,0.0,1,5,0,0,0,0,1,0,0,0,1.0,0.0
W003,T007,0.10526315789473684,0.13732394366197187,0.07000000000000006,0.09815950920245409,0,0.25,2,0.7,1.08,2,0.10526315789473684,1,3,0,0,0,0,1,0,0,0,1.0,0.3516776667058073
W005,T001,0.8421052631578947,0.7112676056338029,0.28500000000000014,0.16359918200409007,0,0.0625,3,0.8,1.15,4,0.8421052631578947,1,5,0,1,0,0,0,1,0,0,0.75,0.11627210178576565
W007,T001,0.8421052631578947,0.6408450704225352,1.0,0.49693251533742333,1,0.75,5,0.65,1.14,4,0.8421052631578947,1,5,0,0,0,1,0,1,0,0,1.0,0.8644638158500609
W003,T004,0.4736842105263157,0.46478873239436624,0.03000000000000025,0.008179959100204748,0,0.25,2,0.7,1.08,2,0.4736842105263157,1,3,0,0,0,0,0,0,0,0,1.0,0.3516776667058073
W003,T001,0.8421052631578947,0.6654929577464789,0.0475000000000001,0.14723926380368102,1,0.25,2,0.7,1.08,4,0.8421052631578947,1,5,0,0,0,0,0,1,0,0,0.5,0.3516776667058073
W005,T008,0.0,0.05281690140845072,0.4800000000000002,0.25971370143149297,0,0.0625,3,0.8,1.15,2,0.0,1,5,0,1,0,0,1,0,0,0,1.0,0.11627210178576565
W002,T004,0.4736842105263157,0.33098591549295775,0.040000000000000036,0.3087934560327201,1,0.3125,2,0.63,0.99,2,0.4736842105263157,1,3,0,1,0,0,0,0,0,0,1.0,0.35357166517819255
W002,T008,0.0,0.028169014084507032,0.2250000000000001,0.38854805725971375,1,0.3125,2,0.63,0.99,2,0.0,1,5,0,1,0,0,1,0,0,0,1.0,0.35357166517819255
W006,T003,0.4736842105263157,0.2781690140845071,1.0,0.8016359918200411,1,0.5,5,0.93,0.86,1,0.4736842105263157,3,1,0,1,0,0,0,0,0,1,1.0,0.6760417860120211
W010,T001,0.8421052631578947,0.5528169014084507,1.0,0.6543967280163601,1,1.0,5,0.68,0.95,4,0.8421052631578947,1,5,0,0,0,1,0,1,0,0,1.0,0.9334619767841563
W003,T005,0.8421052631578947,0.6654929577464789,0.08000000000000007,0.1595092024539877,1,0.25,2,0.7,1.08,5,0.8421052631578947,3,4,0,0,0,0,0,1,0,0,0.4,0.3516776667058073
W010,T009,0.6842105263157894,0.44718309859154937,1.0,0.6646216768916153,1,1.0,5,0.68,0.95,3,0.6842105263157894,2,3,0,0,0,1,0,0,1,0,1.0,0.9334619767841563
W002,T002,0.631578947368421,0.4295774647887324,0.21750000000000025,0.37832310838445804,1,0.3125,2,0.63,0.99,2,0.631578947368421,1,3,0,1,0,0,0,0,1,0,1.0,0.35357166517819255
W008,T009,0.6842105263157894,0.31338028169014087,0.08250000000000002,0.7975460122699387,1,1.0,2,0.84,0.8,3,0.6842105263157894,2,3,0,0,1,0,0,0,1,0,0.6666666666666666,0.9710316538683482
W010,T002,0.631578947368421,0.34507042253521136,1.0,0.8752556237218811,1,1.0,5,0.68,0.95,2,0.631578947368421,1,3,0,0,0,1,0,0,1,0,1.0,0.9334619767841563
W002,T008,0.0,0.024647887323943685,0.1625000000000001,0.38036809815950945,1,0.3125,2,0.63,0.99,2,0.0,1,5,0,1,0,0,1,0,0,0,1.0,0.35357166517819255
W005,T009,0.6842105263157894,0.7077464788732396,0.41999999999999993,0.05316973415132953,0,0.0625,3,0.8,1.15,3,0.6842105263157894,2,3,0,1,0,0,0,0,1,0,1.0,0.11627210178576565
W005,T006,0.2631578947368421,0.3063380281690141,0.49,0.11860940695296529,0,0.0625,3,0.8,1.15,4,0.2631578947368421,1,4,0,1,0,0,0,0,0,1,0.75,0.11627210178576565
W002,T006,0.2631578947368421,0.22887323943661972,0.24750000000000028,0.26175869120654394,1,0.3125,2,0.63,0.99,4,0.2631578947368421,1,4,0,1,0,0,0,0,0,1,0.5,0.35357166517819255
W010,T008,0.0,0.01408450704225353,1.0,0.7770961145194273,1,1.0,5,0.68,0.95,2,0.0,1,5,0,0,0,1,1,0,0,0,1.0,0.9334619767841563
W005,T009,0.6842105263157894,0.693661971830986,0.44500000000000006,0.07770961145194266,0,0.0625,3,0.8,1.15,3,0.6842105263157894,2,3,0,1,0,0,0,0,1,0,1.0,0.11627210178576565
W005,T002,0.631578947368421,0.5809859154929579,0.34750000000000014,0.13292433537832316,0,0.0625,3,0.8,1.15,2,0.631578947368421,1,3,0,1,0,0,0,0,1,0,1.0,0.11627210178576565
W008,T007,0.10526315789473684,0.05633802816901409,0.05750000000000011,0.6237218813905929,1,1.0,2,0.84,0.8,2,0.10526315789473684,1,3,0,0,1,0,1,0,0,0,1.0,0.9710316538683482
W001,T003,0.4736842105263157,0.415492957746479,0.5274999999999999,0.26175869120654394,0,0.0,4,0.72,1.15,1,0.4736842105263157,3,1,0,0,0,0,0,0,0,1,1.0,0.0
W005,T005,0.8421052631578947,0.7394366197183099,0.3550000000000002,0.1513292433537834,0,0.0625,3,0.8,1.15,5,0.8421052631578947,3,4,0,1,0,0,0,1,0,0,0.6,0.11627210178576565
W001,T008,0.0,0.06338028169014084,0.6125000000000003,0.2453987730061351,0,0.0,4,0.72,1.15,2,0.0,1,5,0,0,0,0,1,0,0,0,1.0,0.0
W009,T009,0.6842105263157894,0.5211267605633804,1.0,0.5092024539877302,1,0.5,5,0.61,1.02,3,0.6842105263157894,2,3,1,0,0,0,0,0,1,0,1.0,0.5259229798158034
W002,T007,0.10526315789473684,0.11971830985915496,0.06750000000000012,0.1901840490797546,1,0.3125,2,0.63,0.99,2,0.10526315789473684,1,3,0,1,0,0,1,0,0,0,1.0,0.35357166517819255
W006,T004,0.4736842105263157,0.27112676056338025,1.0,0.8261758691206544,1,0.5,5,0.93,0.86,2,0.4736842105263157,1,3,0,1,0,0,0,0,0,0,1.0,0.6760417860120211
W009,T010,1.0,0.6584507042253521,1.0,0.6421267893660534,1,0.5,5,0.61,1.02,2,1.0,3,3,1,0,0,0,0,1,0,0,1.0,0.5259229798158034
W001,T009,0.6842105263157894,0.6126760563380281,0.5975000000000001,0.23108384458077702,0,0.0,4,0.72,1.15,3,0.6842105263157894,2,3,0,0,0,0,0,0,1,0,1.0,0.0
W002,T002,0.631578947368421,0.43661971830985924,0.14500000000000002,0.3312883435582823,1,0.3125,2,0.63,0.99,2,0.631578947368421,1,3,0,1,0,0,0,0,1,0,1.0,0.35357166517819255
W002,T001,0.8421052631578947,0.676056338028169,0.14500000000000002,0.16359918200409007,0,0.3125,2,0.63,0.99,4,0.8421052631578947,1,5,0,1,0,0,0,1,0,0,0.5,0.35357166517819255
W005,T004,0.4736842105263157,0.44718309859154937,0.46499999999999986,0.1799591002044989,0,0.0625,3,0.8,1.15,2,0.4736842105263157,1,3,0,1,0,0,0,0,0,0,1.0,0.11627210178576565
W004,T005,0.8421052631578947,0.6901408450704226,0.6000000000000001,0.2965235173824132,0,0.8125,4,0.74,1.09,5,0.8421052631578947,3,4,0,0,1,0,0,1,0,0,0.8,1.0
W003,T009,0.6842105263157894,0.5950704225352113,0.1475000000000002,0.11042944785276099,0,0.25,2,0.7,1.08,3,0.6842105263157894,2,3,0,0,0,0,0,0,1,0,0.6666666666666666,0.3516776667058073
W002,T003,0.4736842105263157,0.369718309859155,0.040000000000000036,0.21063394683026582,1,0.3125,2,0.63,0.99,1,0.4736842105263157,3,1,0,1,0,0,0,0,0,1,1.0,0.35357166517819255
W001,T006,0.2631578947368421,0.3204225352112676,0.5950000000000002,0.11860940695296529,0,0.0,4,0.72,1.15,4,0.2631578947368421,1,4,0,0,0,0,0,0,0,1,1.0,0.0
W005,T002,0.631578947368421,0.5669014084507044,0.3975000000000002,0.1697341513292434,0,0.0625,3,0.8,1.15,2,0.631578947368421,1,3,0,1,0,0,0,0,1,0,1.0,0.11627210178576565
W001,T002,0.631578947368421,0.5809859154929579,0.7225000000000001,0.2556237218813906,0,0.0,4,0.72,1.15,2,0.631578947368421,1,3,0,0,0,0,0,0,1,0,1.0,0.0
W002,T008,0.0,0.028169014084507032,0.025000000000000133,0.3108384458077711,1,0.3125,2,0.63,0.99,2,0.0,1,5,0,1,0,0,1,0,0,0,1.0,0.35357166517819255
W009,T001,0.8421052631578947,0.6795774647887325,1.0,0.4376278118609409,0,0.5,5,0.61,1.02,4,0.8421052631578947,1,5,1,0,0,0,0,1,0,0,1.0,0.5259229798158034
W002,T006,0.2631578947368421,0.20070422535211266,0.10000000000000009,0.3108384458077711,1,0.3125,2,0.63,0.99,4,0.2631578947368421,1,4,0,1,0,0,0,0,0,1,0.5,0.35357166517819255
W001,T001,0.8421052631578947,0.7500000000000001,0.9575,0.33333333333333326,0,0.0,4,0.72,1.15,4,0.8421052631578947,1,5,0,0,0,0,0,1,0,0,1.0,0.0
W010,T001,0.8421052631578947,0.5281690140845071,1.0,0.7034764826175872,1,1.0,5,0.68,0.95,4,0.8421052631578947,1,5,0,0,0,1,0,1,0,0,1.0,0.9334619767841563
W010,T003,0.4736842105263157,0.2922535211267606,1.0,0.748466257668712,1,1.0,5,0.68,0.95,1,0.4736842105263157,3,1,0,0,0,1,0,0,0,1,1.0,0.9334619767841563
W008,T002,0.631578947368421,0.2816901408450705,0.03249999999999997,0.8098159509202454,1,1.0,2,0.84,0.8,2,0.631578947368421,1,3,0,0,1,0,0,0,1,0,1.0,0.9710316538683482
W007,T009,0.6842105263157894,0.545774647887324,1.0,0.4683026584867078,1,0.75,5,0.65,1.14,3,0.6842105263157894,2,3,0,0,0,1,0,0,1,0,1.0,0.8644638158500609
W009,T007,0.10526315789473684,0.11971830985915496,1.0,0.488752556237219,1,0.5,5,0.61,1.02,2,0.10526315789473684,1,3,1,0,0,0,1,0,0,0,1.0,0.5259229798158034
W001,T004,0.4736842105263157,0.443661971830986,0.9975000000000005,0.35787321063394684,0,0.0,4,0.72,1.15,2,0.4736842105263157,1,3,0,0,0,0,0,0,0,0,1.0,0.0
W007,T002,0.631578947368421,0.5211267605633804,1.0,0.44376278118609425,0,0.75,5,0.65,1.14,2,0.631578947368421,1,3,0,0,0,1,0,0,1,0,1.0,0.8644638158500609
W006,T010,1.0,0.5563380281690141,1.0,0.8445807770961145,1,0.5,5,0.93,0.86,2,1.0,3,3,0,1,0,0,0,1,0,0,1.0,0.6760417860120211
W006,T007,0.10526315789473684,0.06690140845070425,1.0,0.8364008179959102,1,0.5,5,0.93,0.86,2,0.10526315789473684,1,3,0,1,0,0,1,0,0,0,1.0,0.6760417860120211
W007,T008,0.0,0.03521126760563381,1.0,0.5685071574642124,1,0.75,5,0.65,1.14,2,0.0,1,5,0,0,0,1,1,0,0,0,1.0,0.8644638158500609
W006,T006,0.2631578947368421,0.1795774647887324,1.0,0.7055214723926382,1,0.5,5,0.93,0.86,4,0.2631578947368421,1,4,0,1,0,0,0,0,0,1,1.0,0.6760417860120211
W001,T010,1.0,0.9542253521126761,0.94,0.257668711656442,0,0.0,4,0.72,1.15,2,1.0,3,3,0,0,0,0,0,1,0,0,1.0,0.0
W003,T001,0.8421052631578947,0.7183098591549296,0.2024999999999999,0.12474437627811885,0,0.25,2,0.7,1.08,4,0.8421052631578947,1,5,0,0,0,0,0,1,0,0,0.5,0.3516776667058073
W010,T005,0.8421052631578947,0.5598591549295775,1.0,0.6359918200409,1,1.0,5,0.68,0.95,5,0.8421052631578947,3,4,0,0,0,1,0,1,0,0,1.0,0.9334619767841563
W002,T007,0.10526315789473684,0.11619718309859156,0.16000000000000014,0.2351738241308794,1,0.3125,2,0.63,0.99,2,0.10526315789473684,1,3,0,1,0,0,1,0,0,0,1.0,0.35357166517819255
W008,T004,0.4736842105263157,0.24647887323943665,0.007500000000000062,0.6155419222903886,1,1.0,2,0.84,0.8,2,0.4736842105263157,1,3,0,0,1,0,0,0,0,0,1.0,0.9710316538683482
W001,T007,0.10526315789473684,0.15140845070422534,0.5175000000000001,0.1901840490797546,0,0.0,4,0.72,1.15,2,0.10526315789473684,1,3,0,0,0,0,1,0,0,0,1.0,0.0
W006,T004,0.4736842105263157,0.3274647887323944,1.0,0.640081799591002,1,0.5,5,0.93,0.86,2,0.4736842105263157,1,3,0,1,0,0,0,0,0,0,1.0,0.6760417860120211
W009,T006,0.2631578947368421,0.22535211267605634,1.0,0.5112474437627812,1,0.5,5,0.61,1.02,4,0.2631578947368421,1,4,1,0,0,0,0,0,0,1,1.0,0.5259229798158034
W002,T010,1.0,0.8063380281690141,0.02750000000000008,0.11042944785276099,0,0.3125,2,0.63,0.99,2,1.0,3,3,0,1,0,0,0,1,0,0,1.0,0.35357166517819255
W001,T007,0.10526315789473684,0.13380281690140847,0.6825000000000001,0.31288343558282206,0,0.0,4,0.72,1.15,2,0.10526315789473684,1,3,0,0,0,0,1,0,0,0,1.0,0.0
W006,T002,0.631578947368421,0.415492957746479,1.0,0.6687116564417177,1,0.5,5,0.93,0.86,2,0.631578947368421,1,3,0,1,0,0,0,0,1,0,1.0,0.6760417860120211
W008,T010,1.0,0.43661971830985924,0.22750000000000004,0.9141104294478526,1,1.0,2,0.84,0.8,2,1.0,3,3,0,0,1,0,0,1,0,0,1.0,0.9710316538683482
W007,T010,1.0,0.7746478873239437,1.0,0.4683026584867078,1,0.75,5,0.65,1.14,2,1.0,3,3,0,0,0,1,0,1,0,0,1.0,0.8644638158500609
W003,T006,0.2631578947368421,0.2816901408450705,0.06500000000000017,0.04089979550102263,0,0.25,2,0.7,1.08,4,0.2631578947368421,1,4,0,0,0,0,0,0,0,1,0.5,0.3516776667058073
W008,T009,0.6842105263157894,0.3556338028169014,0.20000000000000018,0.6728016359918201,1,1.0,2,0.84,0.8,3,0.6842105263157894,2,3,0,0,1,0,0,0,1,0,0.6666666666666666,0.9710316538683482
W006,T008,0.0,0.01408450704225353,1.0,0.7750511247443763,1,0.5,5,0.93,0.86,2,0.0,1,5,0,1,0,0,1,0,0,0,1.0,0.6760417860120211
W010,T005,0.8421052631578947,0.5211267605633804,1.0,0.7218813905930468,1,1.0,5,0.68,0.95,5,0.8421052631578947,3,4,0,0,0,1,0,1,0,0,1.0,0.9334619767841563
W007,T008,0.0,0.06338028169014084,1.0,0.35787321063394684,0,0.75,5,0.65,1.14,2,0.0,1,5,0,0,0,1,1,0,0,0,1.0,0.8644638158500609
W005,T004,0.4736842105263157,0.46126760563380287,0.2975000000000003,0.10224948875255624,0,0.0625,3,0.8,1.15,2,0.4736842105263157,1,3,0,1,0,0,0,0,0,0,1.0,0.11627210178576565
W006,T004,0.4736842105263157,0.2816901408450705,1.0,0.7955010224948877,1,0.5,5,0.93,0.86,2,0.4736842105263157,1,3,0,1,0,0,0,0,0,0,1.0,0.6760417860120211
W008,T010,1.0,0.5316901408450705,0.2250000000000001,0.6482617586912067,1,1.0,2,0.84,0.8,2,1.0,3,3,0,0,1,0,0,1,0,0,1.0,0.9710316538683482
W002,T004,0.4736842105263157,0.3556338028169014,0.21250000000000013,0.2985685071574644,1,0.3125,2,0.63,0.99,2,0.4736842105263157,1,3,0,1,0,0,0,0,0,0,1.0,0.35357166517819255
W009,T006,0.2631578947368421,0.21478873239436622,1.0,0.5541922290388548,1,0.5,5,0.61,1.02,4,0.2631578947368421,1,4,1,0,0,0,0,0,0,1,1.0,0.5259229798158034
W004,T006,0.2631578947368421,0.21478873239436622,0.5425,0.40899795501022496,1,0.8125,4,0.74,1.09,4,0.2631578947368421,1,4,0,0,1,0,0,0,0,1,1.0,1.0
W002,T010,1.0,0.6830985915492958,0.13000000000000012,0.31697341513292443,1,0.3125,2,0.63,0.99,2,1.0,3,3,0,1,0,0,0,1,0,0,1.0,0.35357166517819255
W008,T001,0.8421052631578947,0.3838028169014085,0.23249999999999993,0.8507157464212682,1,1.0,2,0.84,0.8,4,0.8421052631578947,1,5,0,0,1,0,0,1,0,0,0.5,0.9710316538683482
W010,T005,0.8421052631578947,0.5,1.0,0.768916155419223,1,1.0,5,0.68,0.95,5,0.8421052631578947,3,4,0,0,0,1,0,1,0,0,1.0,0.9334619767841563
W007,T010,1.0,0.7500000000000001,1.0,0.4989775051124745,1,0.75,5,0.65,1.14,2,1.0,3,3,0,0,0,1,0,1,0,0,1.0,0.8644638158500609
W008,T007,0.10526315789473684,0.05281690140845072,0.010000000000000009,0.6421267893660534,1,1.0,2,0.84,0.8,2,0.10526315789473684,1,3,0,0,1,0,1,0,0,0,1.0,0.9710316538683482
W004,T005,0.8421052631578947,0.6830985915492958,0.94,0.41308793456032733,0,0.8125,4,0.74,1.09,5,0.8421052631578947,3,4,0,0,1,0,0,1,0,0,0.8,1.0
W003,T001,0.8421052631578947,0.6408450704225352,0.007500000000000062,0.1697341513292434,1,0.25,2,0.7,1.08,4,0.8421052631578947,1,5,0,0,0,0,0,1,0,0,0.5,0.3516776667058073
W010,T010,1.0,0.5633802816901409,1.0,0.8261758691206544,1,1.0,5,0.68,0.95,2,1.0,3,3,0,0,0,1,0,1,0,0,1.0,0.9334619767841563
W001,T009,0.6842105263157894,0.6161971830985916,0.7949999999999999,0.2883435582822089,0,0.0,4,0.72,1.15,3,0.6842105263157894,2,3,0,0,0,0,0,0,1,0,1.0,0.0
W008,T008,0.0,0.0,0.050000000000000044,0.6605316973415134,1,1.0,2,0.84,0.8,2,0.0,1,5,0,0,1,0,1,0,0,0,1.0,0.9710316538683482
W005,T008,0.0,0.05281690140845072,0.4225000000000003,0.23108384458077702,0,0.0625,3,0.8,1.15,2,0.0,1,5,0,1,0,0,1,0,0,0,1.0,0.11627210178576565
W003,T004,0.4736842105263157,0.37676056338028174,0.03249999999999997,0.18609406952965268,1,0.25,2,0.7,1.08,2,0.4736842105263157,1,3,0,0,0,0,0,0,0,0,1.0,0.3516776667058073
W007,T001,0.8421052631578947,0.6267605633802817,1.0,0.5214723926380369,1,0.75,5,0.65,1.14,4,0.8421052631578947,1,5,0,0,0,1,0,1,0,0,1.0,0.8644638158500609
W007,T001,0.8421052631578947,0.6161971830985916,1.0,0.5357873210633948,1,0.75,5,0.65,1.14,4,0.8421052631578947,1,5,0,0,0,1,0,1,0,0,1.0,0.8644638158500609
W008,T007,0.10526315789473684,0.04577464788732394,0.0,0.7075664621676891,1,1.0,2,0.84,0.8,2,0.10526315789473684,1,3,0,0,1,0,1,0,0,0,1.0,0.9710316538683482
W007,T009,0.6842105263157894,0.517605633802817,1.0,0.5173824130879345,1,0.75,5,0.65,1.14,3,0.6842105263157894,2,3,0,0,0,1,0,0,1,0,1.0,0.8644638158500609
W009,T003,0.4736842105263157,0.4119718309859155,1.0,0.425357873210634,0,0.5,5,0.61,1.02,1,0.4736842105263157,3,1,1,0,0,0,0,0,0,1,1.0,0.5259229798158034
W009,T009,0.6842105263157894,0.5669014084507044,1.0,0.43353783231083853,0,0.5,5,0.61,1.02,3,0.6842105263157894,2,3,1,0,0,0,0,0,1,0,1.0,0.5259229798158034
W010,T006,0.2631578947368421,0.13732394366197187,1.0,0.9304703476482616,1,1.0,5,0.68,0.95,4,0.2631578947368421,1,4,0,0,0,1,0,0,0,1,1.0,0.9334619767841563
W002,T001,0.8421052631578947,0.591549295774648,0.13000000000000012,0.2903885480572599,1,0.3125,2,0.63,0.99,4,0.8421052631578947,1,5,0,1,0,0,0,1,0,0,0.5,0.35357166517819255
W008,T003,0.4736842105263157,0.2394366197183099,0.2024999999999999,0.7137014314928425,1,1.0,2,0.84,0.8,1,0.4736842105263157,3,1,0,0,1,0,0,0,0,1,1.0,0.9710316538683482
W003,T004,0.4736842105263157,0.41901408450704236,0.1475000000000002,0.1308793456032722,0,0.25,2,0.7,1.08,2,0.4736842105263157,1,3,0,0,0,0,0,0,0,0,1.0,0.3516776667058073
W001,T004,0.4736842105263157,0.415492957746479,0.6025,0.2903885480572599,0,0.0,4,0.72,1.15,2,0.4736842105263157,1,3,0,0,0,0,0,0,0,0,1.0,0.0
W004,T009,0.6842105263157894,0.5316901408450705,0.9600000000000004,0.4785276073619633,1,0.8125,4,0.74,1.09,3,0.6842105263157894,2,3,0,0,1,0,0,0,1,0,1.0,1.0
W010,T001,0.8421052631578947,0.49647887323943674,1.0,0.7730061349693249,1,1.0,5,0.68,0.95,4,0.8421052631578947,1,5,0,0,0,1,0,1,0,0,1.0,0.9334619767841563
W004,T003,0.4736842105263157,0.35915492957746475,0.5874999999999999,0.4151329243353783,1,0.8125,4,0.74,1.09,1,0.4736842105263157,3,1,0,0,1,0,0,0,0,1,1.0,1.0
W005,T003,0.4736842105263157,0.517605633802817,0.2725000000000002,0.0,0,0.0625,3,0.8,1.15,1,0.4736842105263157,3,1,0,1,0,0,0,0,0,1,1.0,0.11627210178576565
W008,T001,0.8421052631578947,0.40492957746478875,0.1475000000000002,0.748466257668712,1,1.0,2,0.84,0.8,4,0.8421052631578947,1,5,0,0,1,0,0,1,0,0,0.5,0.9710316538683482
W003,T009,0.6842105263157894,0.6232394366197184,0.015000000000000124,0.024539877300613577,0,0.25,2,0.7,1.08,3,0.6842105263157894,2,3,0,0,0,0,0,0,1,0,0.6666666666666666,0.3516776667058073
W005,T002,0.631578947368421,0.5387323943661972,0.3899999999999999,0.2147239263803682,0,0.0625,3,0.8,1.15,2,0.631578947368421,1,3,0,1,0,0,0,0,1,0,1.0,0.11627210178576565
W004,T004,0.4736842105263157,0.3345070422535211,0.9450000000000003,0.5971370143149286,1,0.8125,4,0.74,1.09,2,0.4736842105263157,1,3,0,0,1,0,0,0,0,0,1.0,1.0
W003,T007,0.10526315789473684,0.15140845070422534,0.02750000000000008,0.030674846625766916,0,0.25,2,0.7,1.08,2,0.10526315789473684,1,3,0,0,0,0,1,0,0,0,1.0,0.3516776667058073
W006,T004,0.4736842105263157,0.295774647887324,1.0,0.7402862985685073,1,0.5,5,0.93,0.86,2,0.4736842105263157,1,3,0,1,0,0,0,0,0,0,1.0,0.6760417860120211
W001,T009,0.6842105263157894,0.6408450704225352,0.5500000000000003,0.17382413087934556,0,0.0,4,0.72,1.15,3,0.6842105263157894,2,3,0,0,0,0,0,0,1,0,1.0,0.0
W008,T004,0.4736842105263157,0.22183098591549302,0.05750000000000011,0.7525562372188139,1,1.0,2,0.84,0.8,2,0.4736842105263157,1,3,0,0,1,0,0,0,0,0,1.0,0.9710316538683482
W005,T005,0.8421052631578947,0.8028169014084509,0.2725000000000002,0.05316973415132953,0,0.0625,3,0.8,1.15,5,0.8421052631578947,3,4,0,1,0,0,0,1,0,0,0.6,0.11627210178576565
W007,T001,0.8421052631578947,0.7288732394366197,1.0,0.3742331288343559,0,0.75,5,0.65,1.14,4,0.8421052631578947,1,5,0,0,0,1,0,1,0,0,1.0,0.8644638158500609
W010,T005,0.8421052631578947,0.5035211267605635,1.0,0.7586912065439673,1,1.0,5,0.68,0.95,5,0.8421052631578947,3,4,0,0,0,1,0,1,0,0,1.0,0.9334619767841563
W002,T001,0.8421052631578947,0.591549295774648,0.1625000000000001,0.3067484662576687,1,0.3125,2,0.63,0.99,4,0.8421052631578947,1,5,0,1,0,0,0,1,0,0,0.5,0.35357166517819255
W006,T001,0.8421052631578947,0.4542253521126761,1.0,0.8813905930470349,1,0.5,5,0.93,0.86,4,0.8421052631578947,1,5,0,1,0,0,0,1,0,0,1.0,0.6760417860120211
W005,T003,0.4736842105263157,0.43661971830985924,0.47250000000000014,0.19836400817995914,0,0.0625,3,0.8,1.15,1,0.4736842105263157,3,1,0,1,0,0,0,0,0,1,1.0,0.11627210178576565
W009,T010,1.0,0.767605633802817,1.0,0.4764826175869121,1,0.5,5,0.61,1.02,2,1.0,3,3,1,0,0,0,0,1,0,0,1.0,0.5259229798158034
W006,T009,0.6842105263157894,0.426056338028169,1.0,0.7198364008179958,1,0.5,5,0.93,0.86,3,0.6842105263157894,2,3,0,1,0,0,0,0,1,0,1.0,0.6760417860120211
W003,T004,0.4736842105263157,0.4401408450704226,0.1825000000000001,0.09815950920245409,0,0.25,2,0.7,1.08,2,0.4736842105263157,1,3,0,0,0,0,0,0,0,0,1.0,0.3516776667058073
W005,T005,0.8421052631578947,0.7500000000000001,0.4800000000000002,0.1820040899795503,0,0.0625,3,0.8,1.15,5,0.8421052631578947,3,4,0,1,0,0,0,1,0,0,0.6,0.11627210178576565
W003,T009,0.6842105263157894,0.5950704225352113,0.0,0.06134969325153383,0,0.25,2,0.7,1.08,3,0.6842105263157894,2,3,0,0,0,0,0,0,1,0,0.6666666666666666,0.3516776667058073
W002,T005,0.8421052631578947,0.6619718309859156,0.1775,0.194274028629857,1,0.3125,2,0.63,0.99,5,0.8421052631578947,3,4,0,1,0,0,0,1,0,0,0.4,0.35357166517819255
W007,T005,0.8421052631578947,0.6443661971830987,1.0,0.49079754601227,1,0.75,5,0.65,1.14,5,0.8421052631578947,3,4,0,0,0,1,0,1,0,0,1.0,0.8644638158500609
W003,T006,0.2631578947368421,0.25,0.11250000000000004,0.14519427402863005,0,0.25,2,0.7,1.08,4,0.2631578947368421,1,4,0,0,0,0,0,0,0,1,0.5,0.3516776667058073
W010,T008,0.0,0.017605633802816906,1.0,0.7361963190184049,1,1.0,5,0.68,0.95,2,0.0,1,5,0,0,0,1,1,0,0,0,1.0,0.9334619767841563
W007,T004,0.4736842105263157,0.36267605633802824,1.0,0.5337423312883438,1,0.75,5,0.65,1.14,2,0.4736842105263157,1,3,0,0,0,1,0,0,0,0,1.0,0.8644638158500609
W002,T002,0.631578947368421,0.49295774647887325,0.14500000000000002,0.2147239263803682,1,0.3125,2,0.63,0.99,2,0.631578947368421,1,3,0,1,0,0,0,0,1,0,1.0,0.35357166517819255
W001,T001,0.8421052631578947,0.8169014084507042,0.9625000000000004,0.26175869120654394,0,0.0,4,0.72,1.15,4,0.8421052631578947,1,5,0,0,0,0,0,1,0,0,1.0,0.0
W008,T005,0.8421052631578947,0.369718309859155,0.020000000000000018,0.8404907975460125,1,1.0,2,0.84,0.8,5,0.8421052631578947,3,4,0,0,1,0,0,1,0,0,0.4,0.9710316538683482
W001,T008,0.0,0.07394366197183097,0.7850000000000001,0.2372188139059308,0,0.0,4,0.72,1.15,2,0.0,1,5,0,0,0,0,1,0,0,0,1.0,0.0
W001,T005,0.8421052631578947,0.8063380281690141,0.8500000000000001,0.2372188139059308,0,0.0,4,0.72,1.15,5,0.8421052631578947,3,4,0,0,0,0,0,1,0,0,0.8,0.0
W002,T003,0.4736842105263157,0.3274647887323944,0.03750000000000009,0.3190184049079756,1,0.3125,2,0.63,0.99,1,0.4736842105263157,3,1,0,1,0,0,0,0,0,1,1.0,0.35357166517819255
W006,T008,0.0,0.01408450704225353,1.0,0.7995910020449901,1,0.5,5,0.93,0.86,2,0.0,1,5,0,1,0,0,1,0,0,0,1.0,0.6760417860120211
W007,T007,0.10526315789473684,0.1267605633802817,1.0,0.45398773006134974,0,0.75,5,0.65,1.14,2,0.10526315789473684,1,3,0,0,0,1,1,0,0,0,1.0,0.8644638158500609
W003,T007,0.10526315789473684,0.11619718309859156,0.08000000000000007,0.21267893660531723,1,0.25,2,0.7,1.08,2,0.10526315789473684,1,3,0,0,0,0,1,0,0,0,1.0,0.3516776667058073
W002,T002,0.631578947368421,0.4295774647887324,0.15500000000000025,0.35582822085889587,1,0.3125,2,0.63,0.99,2,0.631578947368421,1,3,0,1,0,0,0,0,1,0,1.0,0.35357166517819255
W010,T008,0.0,0.024647887323943685,1.0,0.6646216768916153,1,1.0,5,0.68,0.95,2,0.0,1,5,0,0,0,1,1,0,0,0,1.0,0.9334619767841563
W008,T001,0.8421052631578947,0.44718309859154937,0.2300000000000002,0.6523517382413091,1,1.0,2,0.84,0.8,4,0.8421052631578947,1,5,0,0,1,0,0,1,0,0,0.5,0.9710316538683482
W004,T010,1.0,0.6654929577464789,0.56,0.4826175869120657,1,0.8125,4,0.74,1.09,2,1.0,3,3,0,0,1,0,0,1,0,0,1.0,1.0
W006,T006,0.2631578947368421,0.15845070422535215,1.0,0.8118609406952964,1,0.5,5,0.93,0.86,4,0.2631578947368421,1,4,0,1,0,0,0,0,0,1,1.0,0.6760417860120211
W009,T010,1.0,0.647887323943662,1.0,0.6584867075664624,1,0.5,5,0.61,1.02,2,1.0,3,3,1,0,0,0,0,1,0,0,1.0,0.5259229798158034
W003,T002,0.631578947368421,0.5774647887323944,0.1775,0.08384458077709644,0,0.25,2,0.7,1.08,2,0.631578947368421,1,3,0,0,0,0,0,0,1,0,1.0,0.3516776667058073
W002,T009,0.6842105263157894,0.5598591549295775,0.14500000000000002,0.16564417177914126,0,0.3125,2,0.63,0.99,3,0.6842105263157894,2,3,0,1,0,0,0,0,1,0,0.6666666666666666,0.35357166517819255
W005,T010,1.0,1.0,0.49,0.07157464212678954,0,0.0625,3,0.8,1.15,2,1.0,3,3,0,1,0,0,0,1,0,0,1.0,0.11627210178576565
W005,T002,0.631578947368421,0.5387323943661972,0.28000000000000025,0.17586912065439697,0,0.0625,3,0.8,1.15,2,0.631578947368421,1,3,0,1,0,0,0,0,1,0,1.0,0.11627210178576565
W007,T003,0.4736842105263157,0.33098591549295775,1.0,0.6298568507157463,1,0.75,5,0.65,1.14,1,0.4736842105263157,3,1,0,0,0,1,0,0,0,1,1.0,0.8644638158500609
W005,T007,0.10526315789473684,0.17253521126760565,0.3274999999999999,0.05316973415132953,0,0.0625,3,0.8,1.15,2,0.10526315789473684,1,3,0,1,0,0,1,0,0,0,1.0,0.11627210178576565
W004,T001,0.8421052631578947,0.7042253521126761,0.9700000000000002,0.3967280163599183,0,0.8125,4,0.74,1.09,4,0.8421052631578947,1,5,0,0,1,0,0,1,0,0,1.0,1.0
W003,T006,0.2631578947368421,0.2183098591549296,0.0025000000000001688,0.21063394683026582,1,0.25,2,0.7,1.08,4,0.2631578947368421,1,4,0,0,0,0,0,0,0,1,0.5,0.3516776667058073
W004,T003,0.4736842105263157,0.37676056338028174,0.9024999999999999,0.47443762781186094,1,0.8125,4,0.74,1.09,1,0.4736842105263157,3,1,0,0,1,0,0,0,0,1,1.0,1.0
W002,T003,0.4736842105263157,0.352112676056338,0.18999999999999995,0.3006134969325154,1,0.3125,2,0.63,0.99,1,0.4736842105263157,3,1,0,1,0,0,0,0,0,1,1.0,0.35357166517819255
W001,T008,0.0,0.05985915492957747,0.625,0.25971370143149297,0,0.0,4,0.72,1.15,2,0.0,1,5,0,0,0,0,1,0,0,0,1.0,0.0
W002,T008,0.0,0.05281690140845072,0.20500000000000007,0.16359918200409007,0,0.3125,2,0.63,0.99,2,0.0,1,5,0,1,0,0,1,0,0,0,1.0,0.35357166517819255
W001,T007,0.10526315789473684,0.13380281690140847,0.9649999999999999,0.4028629856850716,0,0.0,4,0.72,1.15,2,0.10526315789473684,1,3,0,0,0,0,1,0,0,0,1.0,0.0
W010,T010,1.0,0.6021126760563381,1.0,0.7423312883435582,1,1.0,5,0.68,0.95,2,1.0,3,3,0,0,0,1,0,1,0,0,1.0,0.9334619767841563
W005,T008,0.0,0.07746478873239437,0.4175000000000002,0.09815950920245409,0,0.0625,3,0.8,1.15,2,0.0,1,5,0,1,0,0,1,0,0,0,1.0,0.11627210178576565
W008,T003,0.4736842105263157,0.22535211267605634,0.022499999999999964,0.7116564417177915,1,1.0,2,0.84,0.8,1,0.4736842105263157,3,1,0,0,1,0,0,0,0,1,1.0,0.9710316538683482
W008,T005,0.8421052631578947,0.4542253521126761,0.11750000000000016,0.5889570552147239,1,1.0,2,0.84,0.8,5,0.8421052631578947,3,4,0,0,1,0,0,1,0,0,0.4,0.9710316538683482
W005,T002,0.631578947368421,0.6514084507042254,0.35250000000000004,0.04089979550102263,0,0.0625,3,0.8,1.15,2,0.631578947368421,1,3,0,1,0,0,0,0,1,0,1.0,0.11627210178576565
W010,T003,0.4736842105263157,0.27464788732394374,1.0,0.8179959100204497,1,1.0,5,0.68,0.95,1,0.4736842105263157,3,1,0,0,0,1,0,0,0,1,1.0,0.9334619767841563
W006,T003,0.4736842105263157,0.295774647887324,1.0,0.7423312883435582,1,0.5,5,0.93,0.86,1,0.4736842105263157,3,1,0,1,0,0,0,0,0,1,1.0,0.6760417860120211
W003,T003,0.4736842105263157,0.3802816901408451,0.020000000000000018,0.1717791411042946,1,0.25,2,0.7,1.08,1,0.4736842105263157,3,1,0,0,0,0,0,0,0,1,1.0,0.3516776667058073
W010,T007,0.10526315789473684,0.07746478873239437,1.0,0.7627811860940696,1,1.0,5,0.68,0.95,2,0.10526315789473684,1,3,0,0,0,1,1,0,0,0,1.0,0.9334619767841563
W010,T004,0.4736842105263157,0.3098591549295775,1.0,0.6912065439672801,1,1.0,5,0.68,0.95,2,0.4736842105263157,1,3,0,0,0,1,0,0,0,0,1.0,0.9334619767841563
W006,T002,0.631578947368421,0.3802816901408451,1.0,0.7668711656441716,1,0.5,5,0.93,0.86,2,0.631578947368421,1,3,0,1,0,0,0,0,1,0,1.0,0.6760417860120211
W003,T001,0.8421052631578947,0.6408450704225352,0.16000000000000014,0.22085889570552153,1,0.25,2,0.7,1.08,4,0.8421052631578947,1,5,0,0,0,0,0,1,0,0,0.5,0.3516776667058073
W001,T007,0.10526315789473684,0.16901408450704228,0.9375,0.26380368098159535,0,0.0,4,0.72,1.15,2,0.10526315789473684,1,3,0,0,0,0,1,0,0,0,1.0,0.0
W004,T006,0.2631578947368421,0.25,0.7050000000000001,0.3312883435582823,0,0.8125,4,0.74,1.09,4,0.2631578947368421,1,4,0,0,1,0,0,0,0,1,1.0,1.0
W005,T005,0.8421052631578947,0.6830985915492958,0.4075,0.24335378323108392,0,0.0625,3,0.8,1.15,5,0.8421052631578947,3,4,0,1,0,0,0,1,0,0,0.6,0.11627210178576565
W009,T002,0.631578947368421,0.43309859154929586,1.0,0.6175869120654396,1,0.5,5,0.61,1.02,2,0.631578947368421,1,3,1,0,0,0,0,0,1,0,1.0,0.5259229798158034
W004,T007,0.10526315789473684,0.11619718309859156,0.7000000000000002,0.40899795501022496,1,0.8125,4,0.74,1.09,2,0.10526315789473684,1,3,0,0,1,0,1,0,0,0,1.0,1.0
W005,T003,0.4736842105263157,0.415492957746479,0.3250000000000002,0.20040899795501033,0,0.0625,3,0.8,1.15,1,0.4736842105263157,3,1,0,1,0,0,0,0,0,1,1.0,0.11627210178576565
W003,T008,0.0,0.05281690140845072,0.010000000000000009,0.09815950920245409,0,0.25,2,0.7,1.08,2,0.0,1,5,0,0,0,0,1,0,0,0,1.0,0.3516776667058073
W003,T008,0.0,0.07042253521126762,0.010000000000000009,0.004089979550102374,0,0.25,2,0.7,1.08,2,0.0,1,5,0,0,0,0,1,0,0,0,1.0,0.3516776667058073
W003,T004,0.4736842105263157,0.45070422535211274,0.23500000000000032,0.09815950920245409,0,0.25,2,0.7,1.08,2,0.4736842105263157,1,3,0,0,0,0,0,0,0,0,1.0,0.3516776667058073
W008,T004,0.4736842105263157,0.2640845070422535,0.11000000000000032,0.5623721881390595,1,1.0,2,0.84,0.8,2,0.4736842105263157,1,3,0,0,1,0,0,0,0,0,1.0,0.9710316538683482
W001,T009,0.6842105263157894,0.6021126760563381,0.5425,0.22494887525562368,0,0.0,4,0.72,1.15,3,0.6842105263157894,2,3,0,0,0,0,0,0,1,0,1.0,0.0
W005,T001,0.8421052631578947,0.7042253521126761,0.36250000000000004,0.19836400817995914,0,0.0625,3,0.8,1.15,4,0.8421052631578947,1,5,0,1,0,0,0,1,0,0,0.75,0.11627210178576565
W007,T001,0.8421052631578947,0.6302816901408451,1.0,0.5132924335378326,1,0.75,5,0.65,1.14,4,0.8421052631578947,1,5,0,0,0,1,0,1,0,0,1.0,0.8644638158500609
W009,T002,0.631578947368421,0.43309859154929586,1.0,0.6237218813905929,1,0.5,5,0.61,1.02,2,0.631578947368421,1,3,1,0,0,0,0,0,1,0,1.0,0.5259229798158034
W001,T004,0.4736842105263157,0.426056338028169,0.9350000000000005,0.37832310838445804,0,0.0,4,0.72,1.15,2,0.4736842105263157,1,3,0,0,0,0,0,0,0,0,1.0,0.0
W001,T003,0.4736842105263157,0.49647887323943674,0.5524999999999998,0.12883435582822078,0,0.0,4,0.72,1.15,1,0.4736842105263157,3,1,0,0,0,0,0,0,0,1,1.0,0.0
W006,T005,0.8421052631578947,0.5140845070422536,1.0,0.7361963190184049,1,0.5,5,0.93,0.86,5,0.8421052631578947,3,4,0,1,0,0,0,1,0,0,1.0,0.6760417860120211
W003,T008,0.0,0.04225352112676059,0.2024999999999999,0.25357873210633963,1,0.25,2,0.7,1.08,2,0.0,1,5,0,0,0,0,1,0,0,0,1.0,0.3516776667058073
W004,T009,0.6842105263157894,0.5422535211267606,0.8374999999999999,0.42126789366053186,1,0.8125,4,0.74,1.09,3,0.6842105263157894,2,3,0,0,1,0,0,0,1,0,1.0,1.0
W007,T009,0.6842105263157894,0.517605633802817,1.0,0.5194274028629857,1,0.75,5,0.65,1.14,3,0.6842105263157894,2,3,0,0,0,1,0,0,1,0,1.0,0.8644638158500609
W007,T010,1.0,0.8450704225352114,1.0,0.3844580777096114,0,0.75,5,0.65,1.14,2,1.0,3,3,0,0,0,1,0,1,0,0,1.0,0.8644638158500609
W005,T006,0.2631578947368421,0.3098591549295775,0.26750000000000007,0.032719836400818325,0,0.0625,3,0.8,1.15,4,0.2631578947368421,1,4,0,1,0,0,0,0,0,1,0.75,0.11627210178576565
W009,T008,0.0,0.03873239436619719,1.0,0.5480572597137015,1,0.5,5,0.61,1.02,2,0.0,1,5,1,0,0,0,1,0,0,0,1.0,0.5259229798158034
W008,T006,0.2631578947368421,0.12323943661971831,0.015000000000000124,0.7034764826175872,1,1.0,2,0.84,0.8,4,0.2631578947368421,1,4,0,0,1,0,0,0,0,1,0.5,0.9710316538683482
W005,T010,1.0,0.9964788732394366,0.40249999999999986,0.04498977505112478,0,0.0625,3,0.8,1.15,2,1.0,3,3,0,1,0,0,0,1,0,0,1.0,0.11627210178576565
W003,T010,1.0,0.8661971830985917,0.07000000000000006,0.05725971370143146,0,0.25,2,0.7,1.08,2,1.0,3,3,0,0,0,0,0,1,0,0,1.0,0.3516776667058073
W006,T004,0.4736842105263157,0.29929577464788737,1.0,0.7239263803680982,1,0.5,5,0.93,0.86,2,0.4736842105263157,1,3,0,1,0,0,0,0,0,0,1.0,0.6760417860120211
W005,T009,0.6842105263157894,0.6725352112676057,0.49,0.11656441717791433,0,0.0625,3,0.8,1.15,3,0.6842105263157894,2,3,0,1,0,0,0,0,1,0,1.0,0.11627210178576565
W010,T010,1.0,0.6654929577464789,1.0,0.6278118609406953,1,1.0,5,0.68,0.95,2,1.0,3,3,0,0,0,1,0,1,0,0,1.0,0.9334619767841563
W004,T007,0.10526315789473684,0.1056338028169014,0.8800000000000003,0.5337423312883438,1,0.8125,4,0.74,1.09,2,0.10526315789473684,1,3,0,0,1,0,1,0,0,0,1.0,1.0
W006,T010,1.0,0.5985915492957747,1.0,0.750511247443763,1,0.5,5,0.93,0.86,2,1.0,3,3,0,1,0,0,0,1,0,0,1.0,0.6760417860120211
W002,T006,0.2631578947368421,0.24295774647887328,0.1825000000000001,0.18813905930470365,1,0.3125,2,0.63,0.99,4,0.2631578947368421,1,4,0,1,0,0,0,0,0,1,0.5,0.35357166517819255
W004,T010,1.0,0.7887323943661972,0.9050000000000002,0.41922290388548067,0,0.8125,4,0.74,1.09,2,1.0,3,3,0,0,1,0,0,1,0,0,1.0,1.0
W007,T001,0.8421052631578947,0.5950704225352113,1.0,0.5705521472392638,1,0.75,5,0.65,1.14,4,0.8421052631578947,1,5,0,0,0,1,0,1,0,0,1.0,0.8644638158500609
W004,T005,0.8421052631578947,0.6619718309859156,0.5975000000000001,0.33333333333333326,1,0.8125,4,0.74,1.09,5,0.8421052631578947,3,4,0,0,1,0,0,1,0,0,0.8,1.0
W005,T006,0.2631578947368421,0.31338028169014087,0.3175000000000001,0.04498977505112478,0,0.0625,3,0.8,1.15,4,0.2631578947368421,1,4,0,1,0,0,0,0,0,1,0.75,0.11627210178576565
W004,T008,0.0,0.04929577464788734,0.9325000000000001,0.44171779141104306,1,0.8125,4,0.74,1.09,2,0.0,1,5,0,0,1,0,1,0,0,0,1.0,1.0
W005,T003,0.4736842105263157,0.45070422535211274,0.46499999999999986,0.17382413087934556,0,0.0625,3,0.8,1.15,1,0.4736842105263157,3,1,0,1,0,0,0,0,0,1,1.0,0.11627210178576565
W009,T008,0.0,0.03873239436619719,1.0,0.5460122699386505,1,0.5,5,0.61,1.02,2,0.0,1,5,1,0,0,0,1,0,0,0,1.0,0.5259229798158034
W010,T005,0.8421052631578947,0.46478873239436624,1.0,0.8548057259713702,1,1.0,5,0.68,0.95,5,0.8421052631578947,3,4,0,0,0,1,0,1,0,0,1.0,0.9334619767841563
W007,T003,0.4736842105263157,0.3661971830985916,1.0,0.52760736196319,1,0.75,5,0.65,1.14,1,0.4736842105263157,3,1,0,0,0,1,0,0,0,1,1.0,0.8644638158500609
W001,T007,0.10526315789473684,0.14084507042253522,0.9500000000000002,0.36809815950920255,0,0.0,4,0.72,1.15,2,0.10526315789473684,1,3,0,0,0,0,1,0,0,0,1.0,0.0
W003,T005,0.8421052631578947,0.7042253521126761,0.11250000000000004,0.11656441717791433,0,0.25,2,0.7,1.08,5,0.8421052631578947,3,4,0,0,0,0,0,1,0,0,0.4,0.3516776667058073
W004,T006,0.2631578947368421,0.22183098591549302,0.6200000000000001,0.39877300613496947,1,0.8125,4,0.74,1.09,4,0.2631578947368421,1,4,0,0,1,0,0,0,0,1,1.0,1.0
W010,T002,0.631578947368421,0.3802816901408451,1.0,0.7627811860940696,1,1.0,5,0.68,0.95,2,0.631578947368421,1,3,0,0,0,1,0,0,1,0,1.0,0.9334619767841563
W007,T001,0.8421052631578947,0.6830985915492958,1.0,0.43353783231083853,0,0.75,5,0.65,1.14,4,0.8421052631578947,1,5,0,0,0,1,0,1,0,0,1.0,0.8644638158500609
W004,T009,0.6842105263157894,0.545774647887324,0.8374999999999999,0.41308793456032733,1,0.8125,4,0.74,1.09,3,0.6842105263157894,2,3,0,0,1,0,0,0,1,0,1.0,1.0
W005,T002,0.631578947368421,0.6443661971830987,0.47750000000000004,0.08997955010224978,0,0.0625,3,0.8,1.15,2,0.631578947368421,1,3,0,1,0,0,0,0,1,0,1.0,0.11627210178576565
W009,T003,0.4736842105263157,0.3943661971830986,1.0,0.46421267893660545,1,0.5,5,0.61,1.02,1,0.4736842105263157,3,1,1,0,0,0,0,0,0,1,1.0,0.5259229798158034
W007,T005,0.8421052631578947,0.7500000000000001,1.0,0.34969325153374253,0,0.75,5,0.65,1.14,5,0.8421052631578947,3,4,0,0,0,1,0,1,0,0,1.0,0.8644638158500609
W007,T003,0.4736842105263157,0.3204225352112676,1.0,0.6584867075664624,1,0.75,5,0.65,1.14,1,0.4736842105263157,3,1,0,0,0,1,0,0,0,1,1.0,0.8644638158500609
W005,T002,0.631578947368421,0.5809859154929579,0.4750000000000001,0.17382413087934556,0,0.0625,3,0.8,1.15,2,0.631578947368421,1,3,0,1,0,0,0,0,1,0,1.0,0.11627210178576565
W003,T003,0.4736842105263157,0.4542253521126761,0.08000000000000007,0.042944785276073816,0,0.25,2,0.7,1.08,1,0.4736842105263157,3,1,0,0,0,0,0,0,0,1,1.0,0.3516776667058073
W004,T001,0.8421052631578947,0.5774647887323944,0.6575000000000002,0.4928425357873212,1,0.8125,4,0.74,1.09,4,0.8421052631578947,1,5,0,0,1,0,0,1,0,0,1.0,1.0
W008,T003,0.4736842105263157,0.20774647887323947,0.1050000000000002,0.8425357873210635,1,1.0,2,0.84,0.8,1,0.4736842105263157,3,1,0,0,1,0,0,0,0,1,1.0,0.9710316538683482
W010,T003,0.4736842105263157,0.2323943661971831,1.0,1.0000000000000002,1,1.0,5,0.68,0.95,1,0.4736842105263157,3,1,0,0,0,1,0,0,0,1,1.0,0.9334619767841563
W005,T006,0.2631578947368421,0.27112676056338025,0.43999999999999995,0.18813905930470365,0,0.0625,3,0.8,1.15,4,0.2631578947368421,1,4,0,1,0,0,0,0,0,1,0.75,0.11627210178576565
W006,T001,0.8421052631578947,0.4859154929577466,1.0,0.7975460122699387,1,0.5,5,0.93,0.86,4,0.8421052631578947,1,5,0,1,0,0,0,1,0,0,1.0,0.6760417860120211
W009,T003,0.4736842105263157,0.3556338028169014,1.0,0.5541922290388548,1,0.5,5,0.61,1.02,1,0.4736842105263157,3,1,1,0,0,0,0,0,0,1,1.0,0.5259229798158034
W003,T005,0.8421052631578947,0.6126760563380281,0.1875,0.2760736196319018,1,0.25,2,0.7,1.08,5,0.8421052631578947,3,4,0,0,0,0,0,1,0,0,0.4,0.3516776667058073
W009,T005,0.8421052631578947,0.6443661971830987,1.0,0.49488752556237237,1,0.5,5,0.61,1.02,5,0.8421052631578947,3,4,1,0,0,0,0,1,0,0,1.0,0.5259229798158034
W006,T003,0.4736842105263157,0.323943661971831,1.0,0.6441717791411044,1,0.5,5,0.93,0.86,1,0.4736842105263157,3,1,0,1,0,0,0,0,0,1,1.0,0.6760417860120211
W001,T006,0.2631578947368421,0.2816901408450705,0.7025000000000001,0.24948875255623726,0,0.0,4,0.72,1.15,4,0.2631578947368421,1,4,0,0,0,0,0,0,0,1,1.0,0.0
W002,T006,0.2631578947368421,0.1901408450704226,0.13750000000000018,0.3721881390593047,1,0.3125,2,0.63,0.99,4,0.2631578947368421,1,4,0,1,0,0,0,0,0,1,0.5,0.35357166517819255
W001,T004,0.4736842105263157,0.42253521126760574,0.5475000000000003,0.2556237218813906,0,0.0,4,0.72,1.15,2,0.4736842105263157,1,3,0,0,0,0,0,0,0,0,1.0,0.0
W001,T003,0.4736842105263157,0.42253521126760574,0.8675000000000002,0.35991820040899825,0,0.0,4,0.72,1.15,1,0.4736842105263157,3,1,0,0,0,0,0,0,0,1,1.0,0.0
W005,T002,0.631578947368421,0.6338028169014085,0.4350000000000003,0.08997955010224978,0,0.0625,3,0.8,1.15,2,0.631578947368421,1,3,0,1,0,0,0,0,1,0,1.0,0.11627210178576565
W006,T008,0.0,0.028169014084507032,1.0,0.6319018404907977,1,0.5,5,0.93,0.86,2,0.0,1,5,0,1,0,0,1,0,0,0,1.0,0.6760417860120211
W002,T007,0.10526315789473684,0.09859154929577466,0.15749999999999997,0.33537832310838467,1,0.3125,2,0.63,0.99,2,0.10526315789473684,1,3,0,1,0,0,1,0,0,0,1.0,0.35357166517819255
W009,T003,0.4736842105263157,0.37676056338028174,1.0,0.5071574642126788,1,0.5,5,0.61,1.02,1,0.4736842105263157,3,1,1,0,0,0,0,0,0,1,1.0,0.5259229798158034
W007,T010,1.0,0.8591549295774649,1.0,0.36809815950920255,0,0.75,5,0.65,1.14,2,1.0,3,3,0,0,0,1,0,1,0,0,1.0,0.8644638158500609
W003,T001,0.8421052631578947,0.7711267605633803,0.16999999999999993,0.05316973415132953,0,0.25,2,0.7,1.08,4,0.8421052631578947,1,5,0,0,0,0,0,1,0,0,0.5,0.3516776667058073
W002,T009,0.6842105263157894,0.5633802816901409,0.21999999999999997,0.18404907975460127,0,0.3125,2,0.63,0.99,3,0.6842105263157894,2,3,0,1,0,0,0,0,1,0,0.6666666666666666,0.35357166517819255
W009,T006,0.2631578947368421,0.22887323943661972,1.0,0.5051124744376279,1,0.5,5,0.61,1.02,4,0.2631578947368421,1,4,1,0,0,0,0,0,0,1,1.0,0.5259229798158034
W009,T001,0.8421052631578947,0.5739436619718311,1.0,0.6094069529652353,1,0.5,5,0.61,1.02,4,0.8421052631578947,1,5,1,0,0,0,0,1,0,0,1.0,0.5259229798158034
W008,T006,0.2631578947368421,0.12323943661971831,0.125,0.7566462167689163,1,1.0,2,0.84,0.8,4,0.2631578947368421,1,4,0,0,1,0,0,0,0,1,0.5,0.9710316538683482
W006,T008,0.0,0.017605633802816906,1.0,0.7586912065439673,1,0.5,5,0.93,0.86,2,0.0,1,5,0,1,0,0,1,0,0,0,1.0,0.6760417860120211
W006,T002,0.631578947368421,0.426056338028169,1.0,0.6359918200409,1,0.5,5,0.93,0.86,2,0.631578947368421,1,3,0,1,0,0,0,0,1,0,1.0,0.6760417860120211
W009,T010,1.0,0.7922535211267606,1.0,0.4478527607361964,0,0.5,5,0.61,1.02,2,1.0,3,3,1,0,0,0,0,1,0,0,1.0,0.5259229798158034
W006,T008,0.0,0.024647887323943685,1.0,0.6605316973415134,1,0.5,5,0.93,0.86,2,0.0,1,5,0,1,0,0,1,0,0,0,1.0,0.6760417860120211
W003,T006,0.2631578947368421,0.2816901408450705,0.19500000000000006,0.07975460122699407,0,0.25,2,0.7,1.08,4,0.2631578947368421,1,4,0,0,0,0,0,0,0,1,0.5,0.3516776667058073
W010,T002,0.631578947368421,0.4295774647887324,1.0,0.6339468302658486,1,1.0,5,0.68,0.95,2,0.631578947368421,1,3,0,0,0,1,0,0,1,0,1.0,0.9334619767841563
W008,T008,0.0,0.0,0.2100000000000002,0.7382413087934563,1,1.0,2,0.84,0.8,2,0.0,1,5,0,0,1,0,1,0,0,0,1.0,0.9710316538683482
W007,T001,0.8421052631578947,0.7077464788732396,1.0,0.40081799591002065,0,0.75,5,0.65,1.14,4,0.8421052631578947,1,5,0,0,0,1,0,1,0,0,1.0,0.8644638158500609
W010,T006,0.2631578947368421,0.1443661971830986,1.0,0.8875255623721883,1,1.0,5,0.68,0.95,4,0.2631578947368421,1,4,0,0,0,1,0,0,0,1,1.0,0.9334619767841563
W009,T008,0.0,0.024647887323943685,1.0,0.6584867075664624,1,0.5,5,0.61,1.02,2,0.0,1,5,1,0,0,0,1,0,0,0,1.0,0.5259229798158034
W005,T003,0.4736842105263157,0.4295774647887324,0.3350000000000002,0.16768916155419245,0,0.0625,3,0.8,1.15,1,0.4736842105263157,3,1,0,1,0,0,0,0,0,1,1.0,0.11627210178576565
W007,T010,1.0,0.7359154929577465,1.0,0.5194274028629857,1,0.75,5,0.65,1.14,2,1.0,3,3,0,0,0,1,0,1,0,0,1.0,0.8644638158500609
W009,T001,0.8421052631578947,0.6866197183098592,1.0,0.4274028629856852,0,0.5,5,0.61,1.02,4,0.8421052631578947,1,5,1,0,0,0,0,1,0,0,1.0,0.5259229798158034
W005,T005,0.8421052631578947,0.6971830985915494,0.30500000000000016,0.18609406952965268,0,0.0625,3,0.8,1.15,5,0.8421052631578947,3,4,0,1,0,0,0,1,0,0,0.6,0.11627210178576565
W008,T001,0.8421052631578947,0.43309859154929586,0.125,0.656441717791411,1,1.0,2,0.84,0.8,4,0.8421052631578947,1,5,0,0,1,0,0,1,0,0,0.5,0.9710316538683482
W007,T009,0.6842105263157894,0.6021126760563381,1.0,0.3762781186094071,0,0.75,5,0.65,1.14,3,0.6842105263157894,2,3,0,0,0,1,0,0,1,0,1.0,0.8644638158500609
W006,T004,0.4736842105263157,0.3204225352112676,1.0,0.6605316973415134,1,0.5,5,0.93,0.86,2,0.4736842105263157,1,3,0,1,0,0,0,0,0,0,1.0,0.6760417860120211
W005,T009,0.6842105263157894,0.6126760563380281,0.4325000000000001,0.17586912065439697,0,0.0625,3,0.8,1.15,3,0.6842105263157894,2,3,0,1,0,0,0,0,1,0,1.0,0.11627210178576565
W005,T005,0.8421052631578947,0.6901408450704226,0.4175000000000002,0.2372188139059308,0,0.0625,3,0.8,1.15,5,0.8421052631578947,3,4,0,1,0,0,0,1,0,0,0.6,0.11627210178576565
W008,T009,0.6842105263157894,0.369718309859155,0.007500000000000062,0.5623721881390595,1,1.0,2,0.84,0.8,3,0.6842105263157894,2,3,0,0,1,0,0,0,1,0,0.6666666666666666,0.9710316538683482
W002,T005,0.8421052631578947,0.5704225352112676,0.20000000000000018,0.35787321063394684,1,0.3125,2,0.63,0.99,5,0.8421052631578947,3,4,0,1,0,0,0,1,0,0,0.4,0.35357166517819255
W001,T009,0.6842105263157894,0.6619718309859156,0.8199999999999998,0.23926380368098177,0,0.0,4,0.72,1.15,3,0.6842105263157894,2,3,0,0,0,0,0,0,1,0,1.0,0.0
W006,T007,0.10526315789473684,0.09507042253521128,1.0,0.6339468302658486,1,0.5,5,0.93,0.86,2,0.10526315789473684,1,3,0,1,0,0,1,0,0,0,1.0,0.6760417860120211
W005,T006,0.2631578947368421,0.3204225352112676,0.3025,0.024539877300613577,0,0.0625,3,0.8,1.15,4,0.2631578947368421,1,4,0,1,0,0,0,0,0,1,0.75,0.11627210178576565
W008,T002,0.631578947368421,0.3204225352112676,0.23249999999999993,0.7096114519427406,1,1.0,2,0.84,0.8,2,0.631578947368421,1,3,0,0,1,0,0,0,1,0,1.0,0.9710316538683482
W007,T009,0.6842105263157894,0.5070422535211268,1.0,0.5357873210633948,1,0.75,5,0.65,1.14,3,0.6842105263157894,2,3,0,0,0,1,0,0,1,0,1.0,0.8644638158500609
W003,T009,0.6842105263157894,0.591549295774648,0.05250000000000021,0.08384458077709644,0,0.25,2,0.7,1.08,3,0.6842105263157894,2,3,0,0,0,0,0,0,1,0,0.6666666666666666,0.3516776667058073
W007,T002,0.631578947368421,0.4542253521126761,1.0,0.5705521472392638,1,0.75,5,0.65,1.14,2,0.631578947368421,1,3,0,0,0,1,0,0,1,0,1.0,0.8644638158500609
W006,T005,0.8421052631578947,0.471830985915493,1.0,0.8364008179959102,1,0.5,5,0.93,0.86,5,0.8421052631578947,3,4,0,1,0,0,0,1,0,0,1.0,0.6760417860120211
W003,T010,1.0,0.8661971830985917,0.10000000000000009,0.06748466257668717,0,0.25,2,0.7,1.08,2,1.0,3,3,0,0,0,0,0,1,0,0,1.0,0.3516776667058073
W001,T001,0.8421052631578947,0.767605633802817,0.8600000000000003,0.28425357873210655,0,0.0,4,0.72,1.15,4,0.8421052631578947,1,5,0,0,0,0,0,1,0,0,1.0,0.0
W003,T002,0.631578947368421,0.4823943661971831,0.1050000000000002,0.22494887525562368,1,0.25,2,0.7,1.08,2,0.631578947368421,1,3,0,0,0,0,0,0,1,0,1.0,0.3516776667058073
W009,T005,0.8421052631578947,0.6021126760563381,1.0,0.5623721881390595,1,0.5,5,0.61,1.02,5,0.8421052631578947,3,4,1,0,0,0,0,1,0,0,1.0,0.5259229798158034
W003,T007,0.10526315789473684,0.13380281690140847,0.10749999999999993,0.12269938650306766,0,0.25,2,0.7,1.08,2,0.10526315789473684,1,3,0,0,0,0,1,0,0,0,1.0,0.3516776667058073
W009,T007,0.10526315789473684,0.12323943661971831,1.0,0.46421267893660545,1,0.5,5,0.61,1.02,2,0.10526315789473684,1,3,1,0,0,0,1,0,0,0,1.0,0.5259229798158034
W006,T007,0.10526315789473684,0.08802816901408453,1.0,0.6850715746421268,1,0.5,5,0.93,0.86,2,0.10526315789473684,1,3,0,1,0,0,1,0,0,0,1.0,0.6760417860120211
W010,T001,0.8421052631578947,0.5669014084507044,1.0,0.6278118609406953,1,1.0,5,0.68,0.95,4,0.8421052631578947,1,5,0,0,0,1,0,1,0,0,1.0,0.9334619767841563
W001,T007,0.10526315789473684,0.1654929577464789,0.5150000000000001,0.13292433537832316,0,0.0,4,0.72,1.15,2,0.10526315789473684,1,3,0,0,0,0,1,0,0,0,1.0,0.0
W005,T002,0.631578947368421,0.5774647887323944,0.2550000000000001,0.10838445807770958,0,0.0625,3,0.8,1.15,2,0.631578947368421,1,3,0,1,0,0,0,0,1,0,1.0,0.11627210178576565
W005,T008,0.0,0.07746478873239437,0.27500000000000013,0.038854805725971664,0,0.0625,3,0.8,1.15,2,0.0,1,5,0,1,0,0,1,0,0,0,1.0,0.11627210178576565
W002,T006,0.2631578947368421,0.22535211267605634,0.12250000000000028,0.22903885480572606,1,0.3125,2,0.63,0.99,4,0.2631578947368421,1,4,0,1,0,0,0,0,0,1,0.5,0.35357166517819255
W005,T002,0.631578947368421,0.647887323943662,0.4125000000000001,0.0654396728016362,0,0.0625,3,0.8,1.15,2,0.631578947368421,1,3,0,1,0,0,0,0,1,0,1.0,0.11627210178576565
W003,T002,0.631578947368421,0.5950704225352113,0.1625000000000001,0.05316973415132953,0,0.25,2,0.7,1.08,2,0.631578947368421,1,3,0,0,0,0,0,0,1,0,1.0,0.3516776667058073
W005,T006,0.2631578947368421,0.3204225352112676,0.3899999999999999,0.049079754601227155,0,0.0625,3,0.8,1.15,4,0.2631578947368421,1,4,0,1,0,0,0,0,0,1,0.75,0.11627210178576565
W003,T007,0.10526315789473684,0.15140845070422534,0.16000000000000014,0.07157464212678954,0,0.25,2,0.7,1.08,2,0.10526315789473684,1,3,0,0,0,0,1,0,0,0,1.0,0.3516776667058073
W001,T003,0.4736842105263157,0.4542253521126761,0.7774999999999999,0.2678936605316975,0,0.0,4,0.72,1.15,1,0.4736842105263157,3,1,0,0,0,0,0,0,0,1,1.0,0.0
W003,T009,0.6842105263157894,0.5246478873239436,0.12749999999999995,0.22290388548057272,1,0.25,2,0.7,1.08,3,0.6842105263157894,2,3,0,0,0,0,0,0,1,0,0.6666666666666666,0.3516776667058073
W002,T003,0.4736842105263157,0.3556338028169014,0.125,0.2699386503067487,1,0.3125,2,0.63,0.99,1,0.4736842105263157,3,1,0,1,0,0,0,0,0,1,1.0,0.35357166517819255
W008,T007,0.10526315789473684,0.05985915492957747,0.0025000000000001688,0.5664621676891615,1,1.0,2,0.84,0.8,2,0.10526315789473684,1,3,0,0,1,0,1,0,0,0,1.0,0.9710316538683482
W004,T008,0.0,0.031690140845070436,0.7875000000000001,0.5357873210633948,1,0.8125,4,0.74,1.09,2,0.0,1,5,0,0,1,0,1,0,0,0,1.0,1.0
